{
    "content": "this legal case involves multiple parties and various disputes over property ownership lease contracts and financial compensation the court has made several decisions based on the evidence and relevant laws in one case the plaintiff is granted sole ownership of a property and the defendant is ordered to pay monetary compensation in another case the defendant is ordered to compensate the plaintiff for expenses related to joint and separate property the court also addresses a debt related to construction works and determines that it should be divided between the parties the court considers the evidence and arguments presented by both parties to reach its decisions overall the court divides properties determines compensation amounts and addresses loan obligations the final financial compensation is calculated after a setoff and each party is responsible for their own procedural costs",
    "metadata": {
        "CASE_ID": "2-20-1278",
        "civil_codes_used": [
            "Art. 34",
            "Art. 68",
            "Art. 37",
            "Art. 70",
            "Art. 71",
            "Art. 27",
            "Art. 34",
            "Art. 38",
            "Art. 197"
        ],
        "cost": "54,057.58 EUR",
        "duration": "3 years 6 months",
        "law": "Divorce",
        "state": "ESTONIA",
        "type": "judicial",
        "law_type": "N/A",
        "succession_type": "N/A",
        "subject_of_succession": "N/A",
        "testamentary_clauses": "N/A",
        "disputed_issues": "N/A",
        "relationship_between_parties": "N/A",
        "number_of_persons_involved": "N/A"
    }
}