{
    "content": "in this legal case the tartu district court made a final decision after almost two years the case involved a claimant and a defendant who wanted to divide their joint assets the claimant requested a disposal ban to prevent the defendant from reducing the value of the assets or transferring shares without consent the court granted the claimants request and ordered the seizure of parts of the companies the defendant appealed arguing that the claimant provided incorrect information about the sale of one of the companies however the district court upheld the county courts decision to secure the claim and dismissed the appeal the parties have the right to appeal further if they wish",
    "metadata": {
        "CASE_ID": "2-20-3355",
        "duration": "1 year 9 months",
        "law": "Divorce",
        "state": "ESTONIA",
        "type": "judicial",
        "cost": "N/A",
        "civil_codes_used": "N/A",
        "law_type": "N/A",
        "succession_type": "N/A",
        "subject_of_succession": "N/A",
        "testamentary_clauses": "N/A",
        "disputed_issues": "N/A",
        "relationship_between_parties": "N/A",
        "number_of_persons_involved": "N/A"
    }
}