{
    "content": "this legal text summarizes the progress of a civil case between two parties referred to as aa and bb the case involves the termination and partition of joint ownership of property the viru county court made a decision which was appealed by both parties the tartu district court annulled the previous decision and ordered that the obligations arising from the loan agreements be considered as joint property obligations the court also ordered compensation to be awarded to bb the court dismissed aas appeal and partially satisfied bbs appeal the court determined the properties involved and the liabilities arising from the loan agreements aa was granted sole ownership of one property while bb was granted sole ownership of the other property bb was also assigned the liabilities arising from the loan agreements the court dismissed bbs request to consider another obligation and ordered mutual financial compensation between the parties the court also determined the costs of the proceedings aa was ordered to pay bb a certain amount for procedural costs the decision can be appealed to the supreme court within a certain time frame",
    "metadata": {
        "CASE_ID": "2-15-9117",
        "cost": "540 EUR",
        "duration": "4 years 10 months",
        "law": "Divorce",
        "state": "ESTONIA",
        "type": "judicial",
        "nature_of_separation": "Judicial",
        "financial_support": "None",
        "duration_of_marriage": "6 years 9 months",
        "civil_codes_used": "N/A",
        "law_type": "N/A",
        "succession_type": "N/A",
        "subject_of_succession": "N/A",
        "testamentary_clauses": "N/A",
        "disputed_issues": "N/A",
        "relationship_between_parties": "N/A",
        "number_of_persons_involved": "N/A"
    }
}