{
    "content": "in a court case a judgment was made in a divorce case between two parties referred to as l and g the main issue was the division of their property specifically an apartment g was ordered to pay compensation of eur 20000 to l for the loss of ownership g must also change the title of the property to l as the sole owner the costs of the proceedings will be shared between the parties with l being refunded half of the fee paid the court mentioned the right to appeal the judgment the marriage will officially end when the judgment comes into force",
    "metadata": {
        "CASE_ID": "2-23-12302",
        "cost": "Each party covers own procedural costs, unspecified amounts",
        "duration": "1 month",
        "law": "Divorce",
        "state": "ESTONIA",
        "type": "judicial",
        "marital_regime": "community of property",
        "financial_support": "EUR 20'000 compensation",
        "duration_of_marriage": "34 years",
        "civil_codes_used": "N/A",
        "law_type": "N/A",
        "succession_type": "N/A",
        "subject_of_succession": "N/A",
        "testamentary_clauses": "N/A",
        "disputed_issues": "N/A",
        "relationship_between_parties": "N/A",
        "number_of_persons_involved": "N/A"
    }
}