{
    "content": "in this legal case two parties were involved in a dispute over the division of joint property specifically a condominium the claimant wanted to sell the property at a public auction and split the proceeds while the defendant wanted exclusive ownership of the property the court ultimately granted the defendants claim and ordered the deletion of the claimants entry in the land register the court also determined the market value of the property to be \u20ac199633 the parties also had a loan agreement for the property and the court determined that the outstanding loan amount should be borne by the defendant the defendant argued that the claimant should also contribute to the loan repayment but the court disagreed the court also considered other payments made by the defendant towards joint obligations and ordered the claimant to compensate the defendant for half of those payments the claimant requested compensation for a deposit made for a disputed apartment but the court found that the evidence provided did not prove the payment towards separate property the court concluded that the circumstances did not justify a departure from the principle of equal division of property there was also a dispute over a car that was transferred without consent the court determined the value of the car to be \u20ac20000 and awarded the defendant \u20ac10000 in compensation the court ordered the defendant to pay the claimant \u20ac4268417 for the loss of property and \u20ac2863676 for other claims the court also discussed the distribution of procedural costs determining that each party should bear their own costs overall the court made decisions regarding the division of joint property loan repayment compensation for payments made and procedural costs",
    "metadata": {
        "CASE_ID": "2-22-9365",
        "cost": "unspecified",
        "duration": "1 year 5 months",
        "law": "Divorce",
        "state": "ESTONIA",
        "type": "judicial",
        "civil_codes_used": "N/A",
        "law_type": "N/A",
        "succession_type": "N/A",
        "subject_of_succession": "N/A",
        "testamentary_clauses": "N/A",
        "disputed_issues": "N/A",
        "relationship_between_parties": "N/A",
        "number_of_persons_involved": "N/A"
    }
}