{
    "content": "in this legal case party k ga filed a lawsuit against party gi to demand the division of their joint assets the court reviewed the case and granted the claim the joint assets including an apartment and a vehicle will be divided with k ga becoming the sole owner of the apartment and gi becoming the sole owner of the vehicle gi has also been ordered to pay a monetary compensation of 4500 euros to k ga the court stated that the procedural costs will be borne by the parties the decision is immediately enforceable and the parties have the right to appeal within a certain timeframe the summary also provides an overview of the steps in the case including the initiation of the case submission of the claim response from the defendant scheduling of a hearing and issuance of a decision the specific articles of the legal code referenced in the original text are not provided in the summary",
    "metadata": {
        "CASE_ID": "2-22-8138",
        "cost": "Each party covers own procedural costs, unspecified amounts",
        "duration": "1 month 2 weeks",
        "law": "Divorce",
        "state": "ESTONIA",
        "type": "judicial",
        "marital_regime": "community of property",
        "financial_support": "4,500 EUR compensation",
        "duration_of_marriage": "xxx",
        "civil_codes_used": "N/A",
        "law_type": "N/A",
        "succession_type": "N/A",
        "subject_of_succession": "N/A",
        "testamentary_clauses": "N/A",
        "disputed_issues": "N/A",
        "relationship_between_parties": "N/A",
        "number_of_persons_involved": "N/A"
    }
}