{
    "content": "in a legal case in estonia the p\u00e4rnu county court ruled that the defendant is responsible for half of the claimants procedural costs the total cost awarded to the claimant was \u20ac483 the case involved two parties referred to as tp and ta who were demanding the division of a common property the court decided to satisfy the claim and terminate the property association the property will be sold at a public auction and the profit will be divided equally between tp and ta the court also explained the requirements for procedural assistance and the deadline for filing a complaint the original text refers to specific articles of the legal code the case started in 2022 and was transferred to the p\u00e4rnu county court the defendant objected to the lawsuit and claimed the right to continue living in the apartment with their children the court scheduled a preliminary hearing for may 10 2022 in june 2022 the defendant failed to attend a court hearing so the claimant requested a default judgment the court accepted the claimants statements and dismissed the claim the court determined that the claimant and defendant should each bear half of the procedural costs the defendant objected to the amount but the court found it justified the decision on procedural costs can be appealed",
    "metadata": {
        "CASE_ID": "2-22-2247",
        "cost": "204.83",
        "duration": "4 months",
        "law": "Divorce",
        "state": "ESTONIA",
        "type": "judicial",
        "presence_of_children": false,
        "civil_codes_used": "N/A",
        "law_type": "N/A",
        "succession_type": "N/A",
        "subject_of_succession": "N/A",
        "testamentary_clauses": "N/A",
        "disputed_issues": "N/A",
        "relationship_between_parties": "N/A",
        "number_of_persons_involved": "N/A"
    }
}