{
    "content": "this legal text summarizes the progress of a case between two parties referred to as x and y the case involves a dispute over the division of joint assets the court has made a decision to terminate joint ownership of certain properties and allocate them to either x or y the court has also determined the ownership of certain vehicles and financial obligations the court has distributed the parties current accounts and awarded compensation to one of the parties the procedural costs will be borne by both parties either party has the option to appeal the courts decision within 30 days",
    "metadata": {
        "CASE_ID": "2-20-4985",
        "cost": "3,500 EUR",
        "duration": "2 years 6 months",
        "law": "Divorce",
        "state": "ESTONIA",
        "type": "judicial",
        "civil_codes_used": "N/A",
        "law_type": "N/A",
        "succession_type": "N/A",
        "subject_of_succession": "N/A",
        "testamentary_clauses": "N/A",
        "disputed_issues": "N/A",
        "relationship_between_parties": "N/A",
        "number_of_persons_involved": "N/A"
    }
}