{
    "content": "this legal text summarizes the progress of a legal case between two parties referred to as av and tk the case lasted for 3 years and the court reached a final resolution denoted as v the court ruled in favor of a party whose name is omitted regarding a bank account statement showing a payment of 549 euros for loan payments the court partially satisfied the claims made by both parties determining the division of their joint property and the obligations arising from a loan agreement the court also addressed the procedural costs stating that both parties are responsible for covering them the parties have the right to appeal the decision within 30 days the text provides a summary of each step taken in the case and specific code articles mentioned in the original text are \u00a7xxxxx",
    "metadata": {
        "CASE_ID": "2-17-3818",
        "cost": "Each party covers own procedural costs, unspecified amounts",
        "duration": "3 years",
        "law": "Divorce",
        "state": "ESTONIA",
        "type": "judicial",
        "civil_codes_used": "N/A",
        "law_type": "N/A",
        "succession_type": "N/A",
        "subject_of_succession": "N/A",
        "testamentary_clauses": "N/A",
        "disputed_issues": "N/A",
        "relationship_between_parties": "N/A",
        "number_of_persons_involved": "N/A"
    }
}