{
    "content": "in this legal case the tallinn district court made a final decision after a 2year and 8month process the details of the case are not mentioned but the court ruled that one party is responsible for covering the procedural costs the court decision annuls a previous decision made by the harju county court and orders the eviction of one party referred to as x from a property the decision also divides the financial obligations and assets between the parties x is ordered to sell the property at a public auction to fulfill a loan obligation with the remaining money divided equally x is also ordered to compensate the other party for certain financial claims the court addresses the use of the property and sets the amount of compensation to be paid the costs of the proceedings are to be borne by both parties the text also explains the background of the case including the purchase of the property and the divorce of the parties the objections and appeals of both parties are mentioned as well as the reasoning of the court in making its decision the district court partially satisfies the appeals of both parties and makes changes to the previous decision the court also addresses the division of assets and financial claims the text concludes by mentioning that further arguments and claims can be made at the appeal stage",
    "metadata": {
        "CASE_ID": "2-20-18433",
        "cost": "unspecified",
        "duration": "2 years 8 months",
        "law": "Divorce",
        "state": "ESTONIA",
        "type": "judicial",
        "nature_of_separation": "Judicial",
        "marital_regime": "community of property",
        "financial_support": "3,500 EUR",
        "civil_codes_used": "N/A",
        "law_type": "N/A",
        "succession_type": "N/A",
        "subject_of_succession": "N/A",
        "testamentary_clauses": "N/A",
        "disputed_issues": "N/A",
        "relationship_between_parties": "N/A",
        "number_of_persons_involved": "N/A"
    }
}