{
    "content": "this legal case involves a dispute between two parties regarding the division of their joint property after their divorce the court initially ruled on the division of property and liabilities including loans and bank accounts but the defendant appealed the decision the district court agreed with some of the defendants arguments and ordered a new review of the case the court also noted that the county court failed to consider the defendants request to question witnesses the court concluded that the county court made incorrect decisions and violated procedural laws the parties eventually reached a compromise agreement which specified that the defendants must vacate the apartment and pay compensation to the plaintiff the court determined that the compensation should be considered joint property the court also assessed the joint obligations of the parties and found evidence of transfers and payments for daily expenses the court made determinations regarding the transfer the status of the funds and the joint obligations of the parties the court also needed to determine if the plaintiff used their individual expenses for the benefit of the family or for a loan the court considered evidence of loans taken during the marriage and concluded that the obligations arising from the loan agreements should be divided between the parties the court also addressed the division of financial obligations related to bank accounts at the time of the divorce the supreme court ruled that the obligations related to joint property should be divided in a fair manner the court determined the division of joint property and the compensation owed between the parties the court also addressed the distribution of procedural costs and the payment of the state fee the case is identified by a specific code and is on page 15 of the legal document",
    "metadata": {
        "CASE_ID": "2-12-44594",
        "cost": "unspecified",
        "duration": "8 years",
        "law": "Divorce",
        "state": "ESTONIA",
        "type": "judicial",
        "civil_codes_used": "N/A",
        "law_type": "N/A",
        "succession_type": "N/A",
        "subject_of_succession": "N/A",
        "testamentary_clauses": "N/A",
        "disputed_issues": "N/A",
        "relationship_between_parties": "N/A",
        "number_of_persons_involved": "N/A"
    }
}