{
    "content": "in this case a plaintiff and a defendant were involved in a legal dispute regarding the division of a jointly owned apartment the plaintiff claimed that they were married to the defendant and that they had bought the apartment together after the marriage ended the plaintiff continued to live in the apartment and pay for all expenses on their own the defendant expressed interest in dividing the property in the future the plaintiff requested that the apartment be considered their sole property and that they be compensated for the expenses they had incurred both parties presented their arguments and evidence to the court the court ruled that the plaintiff should be awarded ownership of the apartment but the defendant should be compensated for their expenses the court also determined that the procedural costs of the case would be divided between the parties the plaintiff paid a state fee of 300 euros to file the lawsuit and both parties are responsible for their own procedural costs",
    "metadata": {
        "CASE_ID": "2-19-9230",
        "cost": "unspecified",
        "duration": "1 year 8 months",
        "law": "Divorce",
        "state": "ESTONIA",
        "type": "judicial",
        "nature_of_separation": "Judicial",
        "presence_of_children": true,
        "marital_regime": "community of property",
        "civil_codes_used": "N/A",
        "law_type": "N/A",
        "succession_type": "N/A",
        "subject_of_succession": "N/A",
        "testamentary_clauses": "N/A",
        "disputed_issues": "N/A",
        "relationship_between_parties": "N/A",
        "number_of_persons_involved": "N/A"
    }
}