{
    "content": "this legal case involves a divorce and the termination of coownership between two parties the court ruled that one party is responsible for covering the procedural costs but the specific amount was not mentioned the case lasted for 2 years and 7 months the court decision referred to as court dec states that the property will be put up for public auction with a starting price of 7000 euros and the proceeds will be divided equally among the coowners the judgment will be sent to the parties and will come into effect after being registered by j\u00f5hvi municipality if either party is not satisfied with the decision they have the right to appeal to tartu district court within 30 days the lawsuit was filed by one party against the other and it involves a marriage that ended in 2012 the plaintiff has been trying to terminate the coownership but the defendant has refused to discuss it the court has made efforts to deliver necessary documents to the defendant and after several attempts the documents were successfully delivered in may 2023 a court hearing was held in november 2022 where the plaintiff presented their claims the court granted a divorce and addressed the termination of coownership the court decision is based on the civil code which allows a coowner to demand the termination of coownership the court also determines the distribution of procedural costs",
    "metadata": {
        "CASE_ID": "2-20-15384",
        "cost": "unspecified",
        "duration": "2 years 7 months",
        "law": "Divorce",
        "state": "ESTONIA",
        "type": "judicial",
        "nature_of_separation": "Judicial",
        "marital_regime": "community of property",
        "financial_support": "None",
        "duration_of_marriage": "11 years",
        "civil_codes_used": "N/A",
        "law_type": "N/A",
        "succession_type": "N/A",
        "subject_of_succession": "N/A",
        "testamentary_clauses": "N/A",
        "disputed_issues": "N/A",
        "relationship_between_parties": "N/A",
        "number_of_persons_involved": "N/A"
    }
}