{
    "content": "this legal text is about a divorce case between mr and mrs they have made declarations and agreements regarding their property debts and other matters they have renounced inheritance rights and waived alimony the costs of the proceedings will be shared equally the divorce will be registered and take effect legally they have chosen the court where the proceedings will take place the document confirms their identity and payment of a fee the notary has special obligations to inform them of their rights and provide impartial advice due to conflicting interests they have appointed another notary and legal counsel they confirm that they have been fully informed and accept the clauses in the agreement they declare their legal capacity and sign the document in the presence of a notary",
    "metadata": {
        "law": "Divorce",
        "state": "BELGIUM",
        "type": "extrajudicial",
        "nature_of_separation": "consensual",
        "marital_regime": "community of property",
        "financial_support": "none",
        "duration_of_marriage": "17 years",
        "cost": "N/A",
        "duration": "N/A",
        "civil_codes_used": "N/A",
        "law_type": "N/A",
        "succession_type": "N/A",
        "subject_of_succession": "N/A",
        "testamentary_clauses": "N/A",
        "disputed_issues": "N/A",
        "relationship_between_parties": "N/A",
        "number_of_persons_involved": "N/A"
    }
}