{
    "content": "this legal text summarizes the progress of a divorce case between mr h x and mrs v they appeared before a notary in 2021 to declare their mutual consent for divorce they discussed various aspects of their marriage children and assets including a jointly owned property they agreed that mr h x would transfer his share of the property to mrs v upon finalization of the divorce the text also mentions administrative provisions regarding the propertys soil quality and the requirement for a technical report for earthmoving activities the parties declare their awareness of the soil certificate and its execution deed the notary highlights the importance of the soil certificate guaranteeing soil purity and the rules outlined in chapter x regarding earthmoving activities the text further discusses the partners knowledge of the property including its landscape atlas archaeological zones architectural heritage woody plantations heritage value and historic gardens parks it mentions that the property is not located in a floodprone area but is in a flood risk zone determined by the federal government the partners choose to file a joint petition for divorce in the family court with the procedure conducted in dutch the costs and fees related to the agreement and property transfer will be shared equally the estimated value of the property is \u20ac104600000 with a taxable base of \u20ac26150000 the parties request a reduced rate of one percent for the transaction a general fixed fee is due until the condition of the divorce decree becoming final is fulfilled the general administration patrimonial documentation will not officially register or transcribe the deed the notary confirms the identity and marital status of the partners and they indicate their place of residence the cost for the right of writings is \u20ac750 the notary informs the parties about potential conflicts of interest and offers legal counsel the parties have read and signed the deed",
    "metadata": {
        "law": "Divorce",
        "state": "BELGIUM",
        "type": "extrajudicial",
        "nature_of_separation": "Voluntary",
        "presence_of_children": true,
        "marital_regime": "separation of property",
        "financial_support": "none",
        "duration_of_marriage": "17 years",
        "cost": "N/A",
        "duration": "N/A",
        "civil_codes_used": "N/A",
        "law_type": "N/A",
        "succession_type": "N/A",
        "subject_of_succession": "N/A",
        "testamentary_clauses": "N/A",
        "disputed_issues": "N/A",
        "relationship_between_parties": "N/A",
        "number_of_persons_involved": "N/A"
    }
}