{
    "content": "in 2021 a notary named mr s from xxx is assisting mr c and mrs t in their divorce proceedings they have reached agreements on the division of their property custody of their child and financial contributions the parties have chosen to file a joint petition for divorce in a specific family court and will share the costs equally they have confirmed their identity and marital status with the notary who has informed them of their rights and obligations the notary has provided a digital copy of the deed through a secure online platform the parties have received a draft document before the final execution and any amendments were communicated in advance the parties signed the document in the presence of the notary and a certified copy was registered the registration fees and transcription fees were paid accordingly",
    "metadata": {
        "cost": "shared equally",
        "duration": "3 years",
        "law": "Divorce",
        "state": "BELGIUM",
        "type": "extrajudicial",
        "nature_of_separation": "Voluntary",
        "presence_of_children": true,
        "marital_regime": "community of property",
        "financial_support": "none",
        "duration_of_marriage": "6 years",
        "civil_codes_used": "N/A",
        "law_type": "N/A",
        "succession_type": "N/A",
        "subject_of_succession": "N/A",
        "testamentary_clauses": "N/A",
        "disputed_issues": "N/A",
        "relationship_between_parties": "N/A",
        "number_of_persons_involved": "N/A"
    }
}