{
    "content": "this is a summary of a legal case that took place on november 24th 2016 the case involves two parties referred to as o and a who are involved in a cassation court case the court dismissed the plaintiffs claim for an occupancy allowance stating that there was no legal basis for it especially considering the defendants responsibility for hosting their common children the court also dismissed the pleas contention regarding the violation of res judicata due to the inadmissibility of uncertified copies of previous judgments objections concerning the assessment of occupancy contributions and the recognition of the childrens occupation and parental contribution were also deemed inadmissible the court upheld some aspects of the plea while dismissing others based on the legal merits presented the decision was based on various articles of the civil code and the judicial code the case is represented by the applicant in the cassation court who argues that the courts decision violates various legal provisions and principles the applicant concludes by requesting that the court quash the judgment and remit the case to another court of appeal",
    "metadata": {
        "CASE_ID": "Cassation November 24th 2016",
        "civil_codes_used": [
            "Art. 577",
            "Art. 1278",
            "Art. 790",
            "Art. 791",
            "Art. 168"
        ],
        "duration": "1 year, 11 months",
        "law": "Divorce",
        "state": "BELGIUM",
        "type": "judicial",
        "presence_of_children": true,
        "cost": "N/A",
        "law_type": "N/A",
        "succession_type": "N/A",
        "subject_of_succession": "N/A",
        "testamentary_clauses": "N/A",
        "disputed_issues": "N/A",
        "relationship_between_parties": "N/A",
        "number_of_persons_involved": "N/A"
    }
}