{
    "content": "this is a summary of a court appeal in antwerp regarding a legal case that has been ongoing for 4 years and 6 months the appeal is related to the costs of the proceedings specifically the costs incurred by the respondent who lost the case the text outlines the steps involved in a legal case including the filing of a complaint serving the defendant with a copy of the complaint the defendants response the discovery phase attempts at negotiation or mediation the trial the verdict and the option to appeal the text does not provide information on the final outcome of the case or any further steps that may have been taken",
    "metadata": {
        "CASE_ID": "2020/ FA/535",
        "civil_codes_used": [
            "Art. 3",
            "Art. 1110",
            "Art. 1068",
            "Art. 9",
            "Art. 577"
        ],
        "cost": "unspecified",
        "duration": "4 years and 6 months",
        "law": "Inheritance",
        "state": "BELGIUM",
        "type": "judicial",
        "law_type": "N/A",
        "succession_type": "N/A",
        "subject_of_succession": "N/A",
        "testamentary_clauses": "N/A",
        "disputed_issues": "N/A",
        "relationship_between_parties": "N/A",
        "number_of_persons_involved": "N/A"
    }
}