{
    "content": "in october 2022 a notary at a company performed their duties for a couple who wished to proceed with a mutual consent divorce the couple reached an agreement on the division of assets debts and arrangements for their children they waived the right to maintenance and made provisions for inheritance gifts and parental authority they also agreed on expenses tax benefits and the registration of shared residence the agreement covers various provisions including costs and the effects of the divorce the general administration patrimonial documentation dismissed the obligation to register without any request from the parties the parties acknowledge the potential impact on maintenance and social benefits and confirm their identity they have the option to appoint another notary or seek legal counsel they have read and understood the deed which will be stored digitally and can be accessed online",
    "metadata": {
        "law": "Divorce",
        "state": "BELGIUM",
        "type": "extrajudicial",
        "nature_of_separation": "Voluntary",
        "presence_of_children": true,
        "marital_regime": "issues relatively division of common properties",
        "financial_support": "none",
        "duration_of_marriage": "9 years",
        "cost": "N/A",
        "duration": "N/A",
        "civil_codes_used": "N/A",
        "law_type": "N/A",
        "succession_type": "N/A",
        "subject_of_succession": "N/A",
        "testamentary_clauses": "N/A",
        "disputed_issues": "N/A",
        "relationship_between_parties": "N/A",
        "number_of_persons_involved": "N/A"
    }
}