{
    "content": "this is a summary of a legal text regarding a mutual consent divorce agreement between mr vt and mrs b b they have decided to proceed with a divorce and have requested a settlement of property agreements the notary has informed them of their rights and obligations and prepared a draft deed for their review the parties have confirmed their understanding of the draft and have the option to read the entire deed belgian law applies to the divorce an inventory of assets will be created to determine distribution the spouses have made arrangements regarding their movable and immovable property including financial accounts cars securities life insurance policies and inheritances they have discussed the treatment of taxes fees and liabilities related to the property the text also addresses the custody management of property and personal contact arrangements for their two minor children the parents have agreed on primary residence visitation rights decisionmaking authority and financial contributions for the children the text mentions the distinction between ordinary and extraordinary costs and the possibility of adjusting the agreement based on new circumstances the parties have waived maintenance payments and will share the costs of the legal proceedings the jurisdiction for the proceedings is determined based on the last marital residence or current domiciles the family court in antwerp has jurisdiction in this case the notarys clerk has signed a deed on behalf of the parties confirming the condition precedent for the allocation of property the notary has verified the parties identities and the accuracy of their personal details a fee was paid for the preparation of the documents the deed was sent to the parties in advance and any changes were communicated the parties signed the deed at the notarys office",
    "metadata": {
        "law": "Divorce",
        "state": "BELGIUM",
        "type": "extrajudicial",
        "nature_of_separation": "Voluntary",
        "presence_of_children": true,
        "marital_regime": "community of property",
        "financial_support": "waived",
        "duration_of_marriage": "5 years",
        "cost": "N/A",
        "duration": "N/A",
        "civil_codes_used": "N/A",
        "law_type": "N/A",
        "succession_type": "N/A",
        "subject_of_succession": "N/A",
        "testamentary_clauses": "N/A",
        "disputed_issues": "N/A",
        "relationship_between_parties": "N/A",
        "number_of_persons_involved": "N/A"
    }
}