{
    "content": "this is a summary of a legal text regarding a family court case that has been ongoing for 5 years and 2 months the text outlines the progress of the case in several steps 1 the plaintiff files a complaint outlining their issues and grievances 2 the defendant is served with a copy of the complaint to be aware of the allegations 3 the defendant responds to the complaint admitting or denying the allegations and presenting counterclaims 4 both parties engage in the discovery phase gathering evidence and exchanging information 5 the parties may attempt to resolve the dispute through negotiation or mediation 6 if no settlement is reached the case proceeds to trial where both parties present their arguments and evidence 7 after the trial a verdict is delivered by the judge or jury determining the outcome of the case 8 either party can appeal the decision to a higher court for review 9 the text does not provide information on the final outcome or further steps taken in the case the courts decision was influenced by a criminal conviction for forgery and concealment of bank accounts during divorce proceedings the court found evidence of fraudulent intent in concealing certain bank accounts and ordered the reopening of debates on this issue the court also addressed the replacement of the liquidating notary and reserved judgment on the costs of the proceedings the text emphasizes the importance of distinguishing between criminal and civil proceedings and upholding fairness in property division during divorce cases it mentions various legal principles and codes used in the decisionmaking process overall the text provides a summary of the progress of a family court case highlighting key steps and decisions made along the way",
    "metadata": {
        "civil_codes_used": [
            "Art. 1448"
        ],
        "cost": "unspecified",
        "duration": "5 years 2 months",
        "law": "Divorce",
        "state": "BELGIUM",
        "type": "judicial",
        "presence_of_children": false,
        "marital_regime": "community of property",
        "financial_support": "unspecified",
        "duration_of_marriage": "unspecified",
        "law_type": "N/A",
        "succession_type": "N/A",
        "subject_of_succession": "N/A",
        "testamentary_clauses": "N/A",
        "disputed_issues": "N/A",
        "relationship_between_parties": "N/A",
        "number_of_persons_involved": "N/A"
    }
}