{
    "content": "this legal document is about a divorce case it includes the case number and the date of the divorce agreement the document is signed by a notary public mr has confirmed his unmarried status and current address mrs has confirmed her cohabitation status and provided details about her previous marriage and divorce the document also explains the progress of a property division the property is jointly owned and described as a dwelling house with land and a garage the value of the property is estimated to be 385000\u00e2\u201a\u00ac one party has received 15102037\u00e2\u201a\u00ac as agreed upon in a previous arrangement which is subject to the condition of the divorce being finalized the parties also request a reduction in registration fees the conditions for the division surrender have been met and a deed will be registered the parties have chosen their residence for the execution of the deed and their marital status has been confirmed by the notary the parties have granted a power of attorney to certain notaries for tax declarations related to the deed they have been informed that they can access the document online after reading and explanation the parties have signed and the notary has certified the copies",
    "metadata": {
        "financial_support": "151,020.37 EUR compensation",
        "law": "Divorce",
        "state": "BELGIUM",
        "type": "extrajudicial",
        "marital_regime": "community of property",
        "duration_of_marriage": "15 years",
        "cost": "N/A",
        "duration": "N/A",
        "civil_codes_used": "N/A",
        "law_type": "N/A",
        "succession_type": "N/A",
        "subject_of_succession": "N/A",
        "testamentary_clauses": "N/A",
        "disputed_issues": "N/A",
        "relationship_between_parties": "N/A",
        "number_of_persons_involved": "N/A"
    }
}