{
    "content": "this legal text summarizes the progress of a cause that has been ongoing for 4 years and 6 months it involves a husband and wife who are going through a divorce and are disputing the division of assets the judges decision emphasizes the role of the notaryliquidator in resolving disputes and facilitating the distribution of assets the decision states that disputes regarding leased property and claims for advances should be addressed through judicial proceedings and fall within the notarys purview the court has ruled that the liquidation distribution must be temporarily interrupted and may involve third parties in the proceedings the court also grants the wife an advance share of the partition the costs of the legal proceedings are to be borne by the parties involved",
    "metadata": {
        "civil_codes_used": [
            "Art. 577",
            "Art. 882"
        ],
        "cost": "unspecified",
        "duration": "4 years 6 months",
        "law": "Divorce",
        "state": "BELGIUM",
        "type": "judicial",
        "nature_of_separation": "contentious",
        "marital_regime": "separation of property",
        "financial_support": "unspecified",
        "law_type": "N/A",
        "succession_type": "N/A",
        "subject_of_succession": "N/A",
        "testamentary_clauses": "N/A",
        "disputed_issues": "N/A",
        "relationship_between_parties": "N/A",
        "number_of_persons_involved": "N/A"
    }
}