{
    "content": "this legal text summarizes a court appeal in antwerp regarding a debt and the valuation of shares in a company the procedure lasted for 5 months starting from march 9 2021 and ending on august 12 2021 the text explains that the debt owed exceeds the value of the shares and raises questions about the valuation of the shares in the context of liquidation unlawful acts and special circumstances are mentioned the court determines that the value of the shares should not be considered nil and includes fluctuations in the value in the management account the court also rules that the costs of the expert investigation should be borne by the masses the court orders the parties to submit a report from an audit firm and invites the diligent party to adjust the statement of liquidation within three months",
    "metadata": {
        "CASE_ID": "Court of Appeal Antwerp August 12 2021",
        "civil_codes_used": [
            "Art. 890",
            "Art. 1382",
            "Art. 1408",
            "Art. 1430"
        ],
        "cost": "unspecified",
        "duration": "5 months",
        "law": "Divorce",
        "state": "BELGIUM",
        "type": "judicial",
        "law_type": "N/A",
        "succession_type": "N/A",
        "subject_of_succession": "N/A",
        "testamentary_clauses": "N/A",
        "disputed_issues": "N/A",
        "relationship_between_parties": "N/A",
        "number_of_persons_involved": "N/A"
    }
}