{
    "content": "this legal text is about a labor court appeal in ghent it involves an exspouse who is responsible for repaying the mortgage on their joint home the housing provision must be charged as an integration income benefit even though the final burden is set in the division of matrimonial property the parties involved are identified as yw and mwjd the case is between ocmw ghent and ee the main issues discussed are integration income means of subsistence advantage of the neighborhood joint residence of spouses and repayment the appellant argues that the exspouse should be responsible for the housing costs including mortgage repayments the court of appeal considers relevant provisions and interpretative circulars the appellant determines that the integration income benefit should be \u20ac21320 which is half of the monthly mortgage repayments",
    "metadata": {
        "cost": "unspecified",
        "law": "Divorce",
        "state": "BELGIUM",
        "type": "judicial",
        "marital_regime": "community of property",
        "financial_support": "213.20 EUR monthly alimony",
        "duration": "N/A",
        "civil_codes_used": "N/A",
        "law_type": "N/A",
        "succession_type": "N/A",
        "subject_of_succession": "N/A",
        "testamentary_clauses": "N/A",
        "disputed_issues": "N/A",
        "relationship_between_parties": "N/A",
        "number_of_persons_involved": "N/A"
    }
}