{
    "content": "this legal text summarizes a court case in the family court of henegouwen it discusses the impact of a collective debt settlement procedure on the financial obligations of the parties involved the woman argues that her debts which were erased during the settlement procedure were revived years later however the court rejects her argument stating that claims from former partners are allowed after the settlement procedure the court emphasizes that the settlement procedure does not prevent individuals from settling their own accounts therefore the womans exhusband is allowed to pursue his share of the joint debts that were settled during the procedure the ruling also applies to objections from various creditors clarifying the legal framework for settling financial disputes after the settlement procedure the court refers to relevant articles of the civil code and previous case law in making its decision the court also addresses the issue of interest claimed by the exhusband and determines that it is payable based on the date of the divorce summons the court orders the reopening of the proceedings to further clarify the breakdown of interest due",
    "metadata": {
        "CASE_ID": "Family Court Henegouwen December 12th 2018",
        "civil_codes_used": [
            "Art. 577",
            "Art. 1251",
            "Art. 1436",
            "Art. 1675"
        ],
        "cost": "unspecified",
        "duration": "1 year and 11 days",
        "law": "Divorce",
        "state": "BELGIUM",
        "type": "judicial",
        "law_type": "N/A",
        "succession_type": "N/A",
        "subject_of_succession": "N/A",
        "testamentary_clauses": "N/A",
        "disputed_issues": "N/A",
        "relationship_between_parties": "N/A",
        "number_of_persons_involved": "N/A"
    }
}