{
    "content": "this is a summary of a legal case in belgium involving a plaintiff and a defendant the case was brought to the court of cassation after an appeal was made against a judgment made by the ghent court of appeal the case was then referred to the third chamber a report was presented by councillor sv and an opinion was delivered by advocate general hv the court ultimately decided to cassate the judgment the plaintiff is arguing for a change in the property regime following a divorce based on article 1427 of the civil code the court also considers article 12782 of the judicial code which allows for retroactive effects of a divorce on property the court determines the value of the property at the time of division and takes into account any increase or decrease in value since the dissolution of the property regime in this case the court found that the plaintiff and defendant had kept their professional activities separate and any capital gains from their businesses were not eligible for setoff in the joint ownership the appellate court upheld this decision and the plaintiff was ordered to pay the costs of the case",
    "metadata": {
        "civil_codes_used": [
            "Art. 1427"
        ],
        "law": "Divorce",
        "state": "BELGIUM",
        "type": "judicial",
        "marital_regime": "community of property",
        "cost": "N/A",
        "duration": "N/A",
        "law_type": "N/A",
        "succession_type": "N/A",
        "subject_of_succession": "N/A",
        "testamentary_clauses": "N/A",
        "disputed_issues": "N/A",
        "relationship_between_parties": "N/A",
        "number_of_persons_involved": "N/A"
    }
}