{
    "content": "this is a summary of a legal case called cassation that took place on january 22nd 2021 the case involves a dispute over the dissolution of matrimonial property in bankruptcy proceedings the court found that the liquidation and division of the property should have occurred before the bankruptcy and the proceeds from the sale of an apartment should have been paid to the liquidator the court set aside the previous judgment and referred the case back to the court of appeal for further consideration the parties involved include the plaintiff defendants and various representatives the plaintiff argues that the appeal courts infringed on the provisions of the law and requests that the judgment of appeal be set aside and the case be referred to another court of appeal",
    "metadata": {
        "CASE_ID": "Cassation",
        "civil_codes_used": [
            "Art. 215",
            "Art. 1420",
            "Art. 1427",
            "Art. 1430",
            "Art. 1418",
            "Art. 1278",
            "Art. 96"
        ],
        "cost": "3'450.06 EUR compensation",
        "duration": "1 year, 6 months",
        "law": "Divorce",
        "state": "BELGIUM",
        "type": "judicial",
        "law_type": "N/A",
        "succession_type": "N/A",
        "subject_of_succession": "N/A",
        "testamentary_clauses": "N/A",
        "disputed_issues": "N/A",
        "relationship_between_parties": "N/A",
        "number_of_persons_involved": "N/A"
    }
}