{
    "content": "this is a summary of a legal case involving two parties referred to as rb and w the case lasted for 3 years and 6 months and had a cost of \u20ac110257 euros the court ruled that both spouses are responsible for paying off the debts they jointly contracted including a loan used to buy maintain and improve a property owned by one of the spouses the court determined that the entire loan amount is considered joint property requiring compensation from the other spouses personal assets in a specific case where one spouse used a loan to finance the acquisition of a property the court ruled that the plaintiff must compensate the defendant for 45ths of the current value of the property rejecting the argument that the portion of the loan already repaid should be considered compensation the courts decision is based on articles 1432 and 1435 of the civil code the case was initially heard in the antwerp court of appeal and later referred to the third chamber the court dismissed the appeal and ordered the plaintiff to pay costs the judgment was delivered by the brussels court of cassation on september 7 2020",
    "metadata": {
        "civil_codes_used": [
            "Art. 1432",
            "Art. 1435"
        ],
        "cost": "1'102.57 euros fees",
        "duration": "3 years, 6 months",
        "law": "Divorce",
        "state": "BELGIUM",
        "type": "judicial",
        "marital_regime": "community of property",
        "law_type": "N/A",
        "succession_type": "N/A",
        "subject_of_succession": "N/A",
        "testamentary_clauses": "N/A",
        "disputed_issues": "N/A",
        "relationship_between_parties": "N/A",
        "number_of_persons_involved": "N/A"
    }
}