{
    "content": "this legal text summarizes the progress of a cause that took place in antwerp in july 2018 the procedure lasted for 3 years and 2 months the case involves two parties referred to as db and cr with lawyers fg and if representing them the judges decision is about the right to allocate the family home during a division proceeding the court states that this right can be waived and can be reevaluated even if the propertys value has changed since neither party wanted the property preferentially the court orders its sale through an auction the court dismisses the wifes claim for damages the text also mentions an update that needs to be carried out overall the court orders the sale of the property and finds the husbands claim for damages unfounded",
    "metadata": {
        "CASE_ID": "Antwerp July 31st 2018",
        "civil_codes_used": [
            "Art. 19",
            "Art. 1209",
            "Art. 1224",
            "Art. 1134",
            "Art. 1446",
            "Art. 1447"
        ],
        "cost": "unspecified",
        "duration": "3 years 2 months",
        "law": "Divorce",
        "state": "BELGIUM",
        "type": "judicial",
        "law_type": "N/A",
        "succession_type": "N/A",
        "subject_of_succession": "N/A",
        "testamentary_clauses": "N/A",
        "disputed_issues": "N/A",
        "relationship_between_parties": "N/A",
        "number_of_persons_involved": "N/A"
    }
}