{
    "content": "this text is a legal document explaining the progress of a divorce case between a belgian man and woman they were married in 2016 and have a child together the couple has agreed to proceed with a mutual consent divorce and have made agreements regarding their rights and the division of their assets the document also mentions that the woman is currently pregnant the agreement covers various aspects such as the inventory of shared belongings division of financial assets ownership of property settlement of debts and arrangements for the care and support of their child they agree to waive any claims for alimony and finalize the divorce through mutual consent the chosen court for the divorce proceedings is specified and the agreement is exempt from registration in addition there is mention of a persons bankruptcy and the divestment of their property the parties involved acknowledge their obligations and confirm that they have been informed of their rights and charges related to the deed the notary fee for drafting the deed is \u20ac750 the parties had sufficient time to review the draft deed before signing it in the presence of the notary",
    "metadata": {
        "duration": "divorce by mutual consent",
        "law": "Divorce",
        "state": "BELGIUM",
        "type": "extrajudicial",
        "presence_of_children": true,
        "marital_regime": "community of property",
        "financial_support": "Yes",
        "duration_of_marriage": "5 years",
        "cost": "N/A",
        "civil_codes_used": "N/A",
        "law_type": "N/A",
        "succession_type": "N/A",
        "subject_of_succession": "N/A",
        "testamentary_clauses": "N/A",
        "disputed_issues": "N/A",
        "relationship_between_parties": "N/A",
        "number_of_persons_involved": "N/A"
    }
}