{
    "content": "this legal document provides a summary of a divorce case between mr x and mrs x the couple has agreed to a divorce by mutual consent and their matrimonial rights have been settled they have two minor children and have made arrangements regarding their custody maintenance fees and division of extraordinary costs the document also includes a list of the couples assets and debts which they have agreed to divide they have made provisions for their residence insurance policies and tax charges the case will be heard in the family court of the court of first instance in brussels the document has been read and signed by the parties and the notary",
    "metadata": {
        "law": "Divorce",
        "state": "BELGIUM",
        "type": "extrajudicial",
        "nature_of_separation": "consensual",
        "presence_of_children": true,
        "marital_regime": "community of property",
        "financial_support": "540 monthly alimony",
        "cost": "N/A",
        "duration": "N/A",
        "civil_codes_used": "N/A",
        "law_type": "N/A",
        "succession_type": "N/A",
        "subject_of_succession": "N/A",
        "testamentary_clauses": "N/A",
        "disputed_issues": "N/A",
        "relationship_between_parties": "N/A",
        "number_of_persons_involved": "N/A"
    }
}