{
    "content": "this legal text summarizes the progress of a legal case that took place in ghent on may 4th 2017 the case involves two parties referred to as s and c who are going through a divorce during the divorce proceedings a settlement agreement was reached but s is now seeking to have the settlement annulled s argues that c took advantage of their vulnerable state during the negotiation and imposed an unfair agreement the court of first instance rejected ss claim but s has appealed the decision s is requesting the appointment of a different notaryliquidator to oversee the division of their joint property the court of appeal will now review the case and make a decision",
    "metadata": {
        "CASE_ID": "2015/AR/3343",
        "civil_codes_used": [
            "Art. 875",
            "Art. 9",
            "Art. 3"
        ],
        "cost": "unspecified",
        "duration": "1 year, 8 months",
        "law": "Divorce",
        "state": "BELGIUM",
        "type": "judicial",
        "nature_of_separation": "contentious",
        "marital_regime": "community of property",
        "law_type": "N/A",
        "succession_type": "N/A",
        "subject_of_succession": "N/A",
        "testamentary_clauses": "N/A",
        "disputed_issues": "N/A",
        "relationship_between_parties": "N/A",
        "number_of_persons_involved": "N/A"
    }
}