{
    "content": "this text is a legal document that explains the progress of a divorce settlement between two parties mr a and mrs e the procedure has been ongoing for almost 8 years and involves the division of assets and debts it provides details of the revenue received and expenses paid such as housing allowance legal costs mortgage payments insurance premiums and tax payments the document proposes a division of the remaining assets and is overseen by a notaryliquidator it concludes with information about the continuation of the procedure and the possibility of objections or disputes additionally the text mentions the completion of an official report and the payment of a fee",
    "metadata": {
        "CASE_ID": "P22061/ 2200720-1",
        "civil_codes_used": [
            "Art. 1447",
            "Art. 1214",
            "Art. 1432",
            "Art. 1405",
            "Art. 1278"
        ],
        "cost": "10'000 EUR compensation",
        "duration": "7 years, 11 months",
        "law": "Inheritance",
        "state": "BELGIUM",
        "type": "extrajudicial",
        "disputed_issues": "division of assets",
        "law_type": "N/A",
        "succession_type": "N/A",
        "subject_of_succession": "N/A",
        "testamentary_clauses": "N/A",
        "relationship_between_parties": "N/A",
        "number_of_persons_involved": "N/A"
    }
}