{
    "content": "this legal text is about a mutual consent divorce case involving a couple mr and mrs v they have reached an agreement on their matrimonial rights and arrangements for themselves and their children the text explains the progress of the legal case including information about their marriage their matrimonial regime and their assets and debts the couple has divided their property financial accounts and debts they have also settled their insurance policies pension savings and inheritance rights the text discusses the agreements made by the parties including the dismissal of property registration and the waiver of future claims it also mentions the division of costs and tax benefits the text concludes by stating that the parties have reached a mutual agreement and that the agreement can be enforced by third parties the parties have also agreed to share the costs and fees of the divorce proceedings the text includes statements regarding the parties identity marital status choice of domicile and financial declarations for tax purposes the agreement is subject to certain conditions and will be finalized with a ratification deed",
    "metadata": {
        "law": "Divorce",
        "state": "BELGIUM",
        "type": "extrajudicial",
        "nature_of_separation": "consensual",
        "presence_of_children": true,
        "marital_regime": "separation of property",
        "duration_of_marriage": "4 years",
        "cost": "N/A",
        "duration": "N/A",
        "civil_codes_used": "N/A",
        "law_type": "N/A",
        "succession_type": "N/A",
        "subject_of_succession": "N/A",
        "testamentary_clauses": "N/A",
        "disputed_issues": "N/A",
        "relationship_between_parties": "N/A",
        "number_of_persons_involved": "N/A"
    }
}