{
    "content": "this legal document explains the progress of a divorce case filed by two parties they have agreed to proceed with a mutual consent divorce and have made agreements regarding various aspects of their separation this includes the division of assets debts and liabilities as well as arrangements for the custody and residence of their children they have waived the need for spousal maintenance and have chosen the jurisdiction of the family court in brussels for their divorce proceedings the document also mentions the costs and taxes associated with the divorce process additionally it discusses the selection of the registration office the choice of residence by one of the parties and the confirmation of identity by a notary the parties have reviewed and signed the document in the presence of the notary",
    "metadata": {
        "law": "Divorce",
        "state": "BELGIUM",
        "type": "extrajudicial",
        "nature_of_separation": "Voluntary",
        "presence_of_children": true,
        "marital_regime": "community of property",
        "financial_support": "none",
        "cost": "N/A",
        "duration": "N/A",
        "civil_codes_used": "N/A",
        "law_type": "N/A",
        "succession_type": "N/A",
        "subject_of_succession": "N/A",
        "testamentary_clauses": "N/A",
        "disputed_issues": "N/A",
        "relationship_between_parties": "N/A",
        "number_of_persons_involved": "N/A"
    }
}