{
    "content": "this text is about a legal procedure called statement liquidation distribution cost procedure that lasted for 10 months and 11 days the total cost of the procedure was \u20ac15000 mrs vd is ordered to pay mr c a sum of \u20ac15091718 additionally mrs vd must pay notary vl \u20ac1503595 and mr c must pay notary vl \u20ac910595 totaling \u20ac2414190 mrs vd is also required to transfer \u20ac16595313 to notary vl and mr c is to transfer \u20ac14181123 to the undersigned notary the text explains the preliminary procedure the composition of assets claims made by both parties and the division of financial accounts mr c is entitled to various claims including reimbursement for mortgage repayments and property tax while ms vd is entitled to claims for housing allowance fire insurance and repair costs the text concludes with the allocation of the settlement and the approval of the court the notary reminds the parties involved to review a document called a bailiffs writ which has been sent to them by registered mail they have one month to raise any objections or concerns a drawing of lots will take place in the absence or presence of the parties involved and any disputes or difficulties will be documented if the parties agree to the statement it becomes final and may be approved by a competent court once approved the joint ownership between the parties ceases and they no longer have any claims or rights the notary also mentions a fee of fifty euros for the statement drawn",
    "metadata": {
        "CASE_ID": "2171617/VG7",
        "civil_codes_used": [
            "Art. 1214",
            "Art. 1219",
            "Art. 1223",
            "Art. 577",
            "Art.1477"
        ],
        "cost": "15000 EUR compensation",
        "duration": "10 months and 11 days",
        "law": "Inheritance",
        "state": "BELGIUM",
        "type": "extrajudicial",
        "law_type": "N/A",
        "succession_type": "N/A",
        "subject_of_succession": "N/A",
        "testamentary_clauses": "N/A",
        "disputed_issues": "N/A",
        "relationship_between_parties": "N/A",
        "number_of_persons_involved": "N/A"
    }
}