{
    "content": "this text is a legal document that summarizes the progress of a cause involving two parties mr p and ms kf they have requested a notary to record their proceedings the recent court judgment granted them a divorce which will be recorded in the civil status records database as part of the divorce settlement agreement a property was allocated to one of the parties along with a lump sum payment of 190000\u00e2\u201a\u00ac the parties have agreed to exempt the registration of this agreement from the general administration patrimonial documentation they have also acknowledged their obligations regarding tax returns and registration fees the market value of the property is 380000\u00e2\u201a\u00ac the parties have confirmed their arrangements and a certificate has been issued the notary has verified the parties identities and recorded their personal information the parties have paid a fee of \u20ac100 for the notarys services the document is three pages long",
    "metadata": {
        "cost": "190'000 EUR compensation",
        "duration": "divorce by mutual consent",
        "law": "Divorce",
        "state": "BELGIUM",
        "type": "extrajudicial",
        "marital_regime": "community of property",
        "civil_codes_used": "N/A",
        "law_type": "N/A",
        "succession_type": "N/A",
        "subject_of_succession": "N/A",
        "testamentary_clauses": "N/A",
        "disputed_issues": "N/A",
        "relationship_between_parties": "N/A",
        "number_of_persons_involved": "N/A"
    }
}