{
    "content": "in november 2022 a notary performed duties for a company called the company is seeking a divorce by mutual consent the couple has agreed on the terms of their separation including the division of assets arrangements for their child and waiving spousal maintenance they have also agreed on property agreements outstanding debts and settlement of assets the document includes provisions regarding costs jurisdiction and dispute resolution the couple grants a power of attorney to the notary for taxrelated matters the document exempts the general administration patrimonial documentation from registration the parties acknowledge the impact on maintenance and benefits the notary confirms the parties identity and certifies the information provided the parties acknowledge conflicts of interest and their rights and obligations a copy of the deed will be stored digitally and the parties can request a paper copy the notary read and explained the entire deed to the parties who have all signed it",
    "metadata": {
        "law": "Divorce",
        "state": "BELGIUM",
        "type": "extrajudicial",
        "nature_of_separation": "Voluntary",
        "presence_of_children": true,
        "marital_regime": "separation of property",
        "financial_support": "none",
        "duration_of_marriage": "18 years",
        "cost": "N/A",
        "duration": "N/A",
        "civil_codes_used": "N/A",
        "law_type": "N/A",
        "succession_type": "N/A",
        "subject_of_succession": "N/A",
        "testamentary_clauses": "N/A",
        "disputed_issues": "N/A",
        "relationship_between_parties": "N/A",
        "number_of_persons_involved": "N/A"
    }
}