{
    "content": "this is a summary of a legal case that took place in the family court of walloon brabant on april 2nd 2015 the court addressed several issues related to the dissolution of a matrimonial property regime including the treatment of group insurance benefits rewards for joint assets and sums received from family gifts and inheritances the court made rulings on these matters determining the division of assets and liabilities between the spouses the courts decision required adjustments to the liquidation statement which was supervised by a notary the principles of law used in the decision were based on various articles of the civil code and the judicial code the case involved two parties referred to as mrs l and mr g and their respective lawyers the court made decisions on the division of a group insurance policy the valuation of a gift and the division of funds received from parents overall the court considered the arguments presented by both parties and made decisions accordingly",
    "metadata": {
        "CASE_ID": "Family Court Walloon Brabant April 2nd 2015",
        "civil_codes_used": [
            "Art. 1400",
            "Art. 1401",
            "Art. 1405",
            "Art. 1435",
            "Art. 1436",
            "Art. 1450"
        ],
        "cost": "unspecified",
        "duration": "2 years and 9 months",
        "law": "Divorce",
        "state": "BELGIUM",
        "type": "judicial",
        "marital_regime": "community of property",
        "financial_support": "unspecified",
        "duration_of_marriage": "unspecified",
        "law_type": "N/A",
        "succession_type": "N/A",
        "subject_of_succession": "N/A",
        "testamentary_clauses": "N/A",
        "disputed_issues": "N/A",
        "relationship_between_parties": "N/A",
        "number_of_persons_involved": "N/A"
    }
}