{
    "content": "this legal text is about a divorce case between two individuals referred to as 1txxx rep 2xx and xxx us the document outlines the progress of the case starting with preliminary information such as their belgian nationality and the fact that they have been living apart for six months it then details the settlement of their rights including the division of property liabilities and care of their children the document also addresses financial matters such as maintenance payments and tax benefits it concludes by stating that the agreements made will have retroactive effect and will be binding upon the parties the text also mentions the acceptance of an ons agreement the confirmation of identities by a notary and the parties declaration of their ability to enter into the agreement it further explains the process of executing the deed the rights and obligations of the parties and the custody of the original deed by the notary the text also mentions the availability of the deed online and the probative value of the signed copy finally it mentions that a notary named xx has received a draft of amendments related to the organic law notarial profession which have been acknowledged and signed by the parties involved",
    "metadata": {
        "law": "Divorce",
        "state": "BELGIUM",
        "type": "extrajudicial",
        "nature_of_separation": "consensual",
        "presence_of_children": true,
        "marital_regime": "community of property",
        "financial_support": "none",
        "cost": "N/A",
        "duration": "N/A",
        "civil_codes_used": "N/A",
        "law_type": "N/A",
        "succession_type": "N/A",
        "subject_of_succession": "N/A",
        "testamentary_clauses": "N/A",
        "disputed_issues": "N/A",
        "relationship_between_parties": "N/A",
        "number_of_persons_involved": "N/A"
    }
}