{
    "content": "this legal document explains the progress of a divorce case between mr bj and mrs ld the couple has agreed to settle their matrimonial rights and has divided their assets including furniture vehicles bank balances social rights and insurance policies they have also agreed on the division of their properties with mr bj receiving garages and mrs ld receiving a dwelling house they have settled their future assets and liabilities renounced any matrimonial benefits and agreed that each party will be responsible for their own finances the document also addresses arrangements for the custody and residence of their child mr jj and states that both parties waive their right to claim spousal support mrs ld agrees to make a onetime payment to mr jjs account the costs of the divorce proceedings will be paid by mrs ld except for lawyers fees the document also includes agreements related to inheritance tax and specifies when these agreements will become legally binding the text concludes by mentioning a sional application con and describes the parties decision to abandon the divorce proceedings and terminate the agreements made the document also mentions the election of domicile and the capacity of the parties involved as well as a power of attorney given by mrs ld to mr bj",
    "metadata": {
        "financial_support": "95'000,00 EUR compensation",
        "duration": "mutual consent",
        "law": "Divorce",
        "state": "BELGIUM",
        "type": "extrajudicial",
        "nature_of_separation": "Voluntary",
        "presence_of_children": true,
        "marital_regime": "community of property",
        "duration_of_marriage": "4 years",
        "cost": "N/A",
        "civil_codes_used": "N/A",
        "law_type": "N/A",
        "succession_type": "N/A",
        "subject_of_succession": "N/A",
        "testamentary_clauses": "N/A",
        "disputed_issues": "N/A",
        "relationship_between_parties": "N/A",
        "number_of_persons_involved": "N/A"
    }
}