{
    "content": "this legal document provides an update on a divorce case between mr and mrs names omitted the couple is seeking a divorce by mutual consent and has agreed to settle their matrimonial rights and assets they have two children together and are expecting another child the document outlines their agreement on the division and allocation of their assets including property and income taxes they have also agreed on the custody residence and financial support of their children the document includes provisions regarding tax statements future assets and debts and transactions related to inheritance rights the couple has also agreed on the residence during the trial period and the authority for managing the childrens property the document concludes with provisions regarding the allowance for spouses and the sharing of costs and fees incurred in the divorce proceedings the document is signed by the parties and a notary",
    "metadata": {
        "CASE_ID": "32024",
        "duration": "mutual consent",
        "law": "Divorce",
        "state": "BELGIUM",
        "type": "extrajudicial",
        "nature_of_separation": "Voluntary",
        "presence_of_children": true,
        "marital_regime": "community of property",
        "financial_support": "49'400.00 EUR compensation",
        "duration_of_marriage": "14 years",
        "cost": "N/A",
        "civil_codes_used": "N/A",
        "law_type": "N/A",
        "succession_type": "N/A",
        "subject_of_succession": "N/A",
        "testamentary_clauses": "N/A",
        "disputed_issues": "N/A",
        "relationship_between_parties": "N/A",
        "number_of_persons_involved": "N/A"
    }
}