{
    "content": "this legal text summarizes the progress of a case involving the dissolution of coownership of a property the plaintiff and defendant were former spouses who owned the property together the plaintiff initiated a procedure to dissolve the coownership but the defendant contested the plaintiffs share the case was referred to the municipal court which decided to dissolve the coownership and proceed with a public auction to sell the property the plaintiff then filed a lawsuit to establish ownership rights and requested a judgment the court examined the case documents heard witnesses and conducted inspections and expert examinations the final resolution is still pending the court determined that the property is marital property and should be divided equally between the parties unless agreed otherwise the court also found that the construction of the house on the property was funded by the marital community and therefore constitutes marital property the court determined that a civil partition specifically a sale via auction is the appropriate method of partition",
    "metadata": {
        "CASE_ID": "P 1037/2021-7",
        "civil_codes_used": [
            "Art. 155",
            "Art. 50"
        ],
        "cost": "12.982,80kn = 1723,11 EUR",
        "duration": "2 years, 11 months",
        "law": "Divorce",
        "state": "CROATIA",
        "type": "judicial",
        "nature_of_separation": "Judicial",
        "marital_regime": "community of property",
        "law_type": "N/A",
        "succession_type": "N/A",
        "subject_of_succession": "N/A",
        "testamentary_clauses": "N/A",
        "disputed_issues": "N/A",
        "relationship_between_parties": "N/A",
        "number_of_persons_involved": "N/A"
    }
}