{
    "content": "this text is about a legal case in croatia referred to as case n\u00b0 rev 8842005 which has reached the supreme court the case involves a property dispute and the termination of coownership the coowners of the property are identified as jb n and ah r the defendant ah is ordered to pay jb a compensation amount of 10830200 croatian kuna for their share of the coownership the plaintiff jb requested the termination of coownership based on a previous court decision and the inability to divide the property the termination takes into account the investments made by the coowner to increase the value of the property unauthorized agency rules apply when a coowner undertakes activities regarding the property without consent",
    "metadata": {
        "CASE_ID": "Rev 884/2005",
        "civil_codes_used": [
            "Art. 51"
        ],
        "law": "Divorce",
        "state": "CROATIA",
        "type": "judicial",
        "cost": "N/A",
        "duration": "N/A",
        "law_type": "N/A",
        "succession_type": "N/A",
        "subject_of_succession": "N/A",
        "testamentary_clauses": "N/A",
        "disputed_issues": "N/A",
        "relationship_between_parties": "N/A",
        "number_of_persons_involved": "N/A"
    }
}