{
    "content": "this legal case involves a dispute over the coownership of a property the court has decided to dissolve the coownership and sell the property through a public auction the proceeds from the sale will be divided among the coowners based on their shares one party requested ownership of a specific part of the building but the court rejected this request the court determined that physically dividing the property was not feasible so a sale was chosen the court also dismissed objections based on statute limitations and accepted the plaintiffs request for a civil division additionally another party made a counterclaim for ownership based on a construction on the property however the court found that the construction was knowingly done on someone elses land so the counterclaim was rejected",
    "metadata": {
        "CASE_ID": "P1-6710/09",
        "civil_codes_used": [
            "Art. 47",
            "Art. 50"
        ],
        "cost": "40.767,04 HRK",
        "duration": "6 years 2 months",
        "law": "Divorce",
        "state": "CROATIA",
        "type": "judicial",
        "law_type": "N/A",
        "succession_type": "N/A",
        "subject_of_succession": "N/A",
        "testamentary_clauses": "N/A",
        "disputed_issues": "N/A",
        "relationship_between_parties": "N/A",
        "number_of_persons_involved": "N/A"
    }
}