{
    "content": "this text is about a legal case that took place in the municipal court split in 2016 the case involved a property dispute between two parties the court determined that the property would be sold at a public auction and the proceeds would be divided equally between the two parties the court also calculated the costs of the legal procedure and determined that both parties should share the costs equally the proposers request to have the costs covered was denied",
    "metadata": {
        "CASE_ID": "R1-863/16",
        "civil_codes_used": [
            "Art. 50"
        ],
        "cost": "4,986.98 HRK",
        "duration": "3 years and 1 month",
        "law": "Divorce",
        "state": "CROATIA",
        "type": "judicial",
        "law_type": "N/A",
        "succession_type": "N/A",
        "subject_of_succession": "N/A",
        "testamentary_clauses": "N/A",
        "disputed_issues": "N/A",
        "relationship_between_parties": "N/A",
        "number_of_persons_involved": "N/A"
    }
}