{
    "content": "this is a summary of a legal case that took place in the municipal court \u0111akovo the case involved a dispute over coownership of real estate properties the procedure lasted for 11 months and resulted in the dissolution of a cadastral municipality and the division of the properties the petitioner j \u0161 opposed the coowners a p and m b a geometric division was determined creating new cadastral plots for each party the properties were transferred to the sole ownership of each party according to the division an authorized civil engineer geodesist prepared the necessary documentation for the division the court accepted the proposal for dissolution and division based on the property act",
    "metadata": {
        "CASE_ID": "R1-3/2022-24",
        "civil_codes_used": [
            "Art. 49",
            "Art. 50",
            "Art. 55"
        ],
        "duration": "11 months",
        "law": "Divorce",
        "state": "CROATIA",
        "type": "judicial",
        "cost": "N/A",
        "law_type": "N/A",
        "succession_type": "N/A",
        "subject_of_succession": "N/A",
        "testamentary_clauses": "N/A",
        "disputed_issues": "N/A",
        "relationship_between_parties": "N/A",
        "number_of_persons_involved": "N/A"
    }
}