{
    "content": "this legal case involves a coownership property specifically a twobedroom apartment in vara\u017edin the court has determined that the coownership should be dissolved and the property sold through a public auction the money obtained from the sale will be divided among the coowners based on their ownership shares the court has rejected objections from the counterparty stating that a physical division of the property is not feasible the court has also rejected claims of a violation of the litigation procedure the court has determined that the termination of the coownership agreement would not be detrimental to the coowners the court has explained that the establishment of condominium ownership is another option but the counterparty opposes this the court has clarified that the provisions for forced sale of real estate do not apply in this case and the civil division of the coownership should proceed",
    "metadata": {
        "CASE_ID": "G\u017e-4879/11-2",
        "civil_codes_used": [
            "Art. 50"
        ],
        "duration": "6 months",
        "law": "Divorce",
        "state": "CROATIA",
        "type": "judicial",
        "cost": "N/A",
        "law_type": "N/A",
        "succession_type": "N/A",
        "subject_of_succession": "N/A",
        "testamentary_clauses": "N/A",
        "disputed_issues": "N/A",
        "relationship_between_parties": "N/A",
        "number_of_persons_involved": "N/A"
    }
}