{
    "content": "this text is about a legal case in the supreme court of croatia it provides a summary of the progress of the case without mentioning the names of the parties involved the case is about a legal procedure called cost procedure in the first instance the final resolution was made by the municipal court in \u0161ibenik the plaintiff was determined to be the coowner of a 23 share of a property while the defendants were determined to be coowners of a 13 share the property is located in \u0161ibenik municipality and includes additional movable property the coownership between the parties was dissolved and the defendants were ordered to pay the plaintiff an amount of 454000 hrk the decision was based on three specific laws unfortunately the text does not provide any further information or details about the progress of the case or the parties involved",
    "metadata": {
        "CASE_ID": "VSRH Rev x 818/2010-2",
        "civil_codes_used": [
            "Art. 382",
            "Art. 392",
            "Art. 54"
        ],
        "law": "Divorce",
        "state": "CROATIA",
        "type": "judicial",
        "cost": "N/A",
        "duration": "N/A",
        "law_type": "N/A",
        "succession_type": "N/A",
        "subject_of_succession": "N/A",
        "testamentary_clauses": "N/A",
        "disputed_issues": "N/A",
        "relationship_between_parties": "N/A",
        "number_of_persons_involved": "N/A"
    }
}