{
    "content": "this legal case involves a coownership property specifically a house with a courtyard the case has gone through two instances of court starting at the municipal court rijeka and then being appealed to the county court slavonski brod the cost of the procedure was 5100 croatian kunas and it has been ongoing for 31 months the final resolution is that the coownership property will be dissolved and sold through a public auction or another suitable method the proceeds from the sale will be distributed among the coowners based on their shares the court considered the possibility of dividing the property geometrically and terminating the coownership there was a dispute over the division of a garage and the court rejected a proposal to appoint another expert ultimately the court decided that the property should be sold at a public auction and the proceeds distributed among the coowners",
    "metadata": {
        "CASE_ID": "G\u017e-344/2021-2",
        "civil_codes_used": [
            "Art. 47",
            "Art. 50",
            "Art. 53",
            "Art. 73"
        ],
        "cost": "5.100, 00 HRK",
        "duration": "3 y 1 month",
        "law": "Divorce",
        "state": "CROATIA",
        "type": "judicial",
        "law_type": "N/A",
        "succession_type": "N/A",
        "subject_of_succession": "N/A",
        "testamentary_clauses": "N/A",
        "disputed_issues": "N/A",
        "relationship_between_parties": "N/A",
        "number_of_persons_involved": "N/A"
    }
}