{
    "content": "this legal case involves a coownership property specifically an apartment building located in s the coowners of the apartment are heirs bn with each having a 13 share the petitioner claims that the other party made illegal investments without consent causing a delay in the proceedings the court examined documentation from the land registry inheritance resolution and expert opinions an expert determined the value of the property with each party entitled to a share the petitioner raised objections to the experts opinion and suggested either having the expert explain their findings orally or conducting a new examination with another expert another expert confirmed the previous findings but updated the estimates due to changes in the housing price index the court rejected one partys request for additional comments on the evidence and considered physically dividing the property but determined it would be too costly as a result the court decided to sell the property through a public auction and distribute the proceeds among the parties based on their ownership shares the final resolution will determine the method of division and will be carried out according to the rules of the enforcement act",
    "metadata": {
        "CASE_ID": "R1-401/21-18",
        "civil_codes_used": [
            "Art. 50"
        ],
        "cost": "166,91 EUR",
        "duration": "circa. 2 years",
        "law": "Divorce",
        "state": "CROATIA",
        "type": "judicial",
        "law_type": "N/A",
        "succession_type": "N/A",
        "subject_of_succession": "N/A",
        "testamentary_clauses": "N/A",
        "disputed_issues": "N/A",
        "relationship_between_parties": "N/A",
        "number_of_persons_involved": "N/A"
    }
}