{
    "content": "this legal case is being heard in the municipal court gospi\u0107 it started on march 30 2023 and the procedure has been ongoing since april 5 2022 after 11 months a final resolution has been reached the coownership of four properties has been terminated and transferred to the sole ownership of applicant o v one of the properties is a meadow spanning 303 hectares the remaining properties will be registered solely under the ownership of counterparties 14 based on their existing coownership ratios the land registry department court will implement this resolution the decision was made based on article 50 paragraph 1 of the property act which was filed by the applicant to dissolve the coownership the court found the applicants proposal acceptable especially since counterparties 3 and 4 agreed despite counterparty 2 not attending the hearings",
    "metadata": {
        "CASE_ID": "R1-34/2023-7",
        "civil_codes_used": [
            "Art. 50"
        ],
        "duration": "11 months",
        "law": "Divorce",
        "state": "CROATIA",
        "type": "judicial",
        "cost": "N/A",
        "law_type": "N/A",
        "succession_type": "N/A",
        "subject_of_succession": "N/A",
        "testamentary_clauses": "N/A",
        "disputed_issues": "N/A",
        "relationship_between_parties": "N/A",
        "number_of_persons_involved": "N/A"
    }
}