{
    "content": "this legal case involves a dispute over the coownership of a real estate property the case lasted for 1 year and 5 months and resulted in the dissolution of the coownership one party identified as i \u0107 p doo was awarded 8144 parts of the property while the petitioners m v i \u017e were also awarded equal shares the petitioners m v i \u017e were ordered to pay p m doo an amount of 21672 the court has authorized p m doo to mortgage the properties and register this mortgage in the land registry the court has also authorized the petitioners m v i \u017e to register their coownership rights the court has ordered p m doo to pay the petitioners for procedural costs the decision is based on the property act and various agreements and documents provided by the parties the court has considered objections and appeals raised by the counterparty but ultimately determined that the conditions for the dissolution of coownership and payment have been fulfilled the court has suspended the proceedings and ordered the counterparty to reimburse the petitioners for the costs of the proceedings the court confirms the contested decision in its entirety",
    "metadata": {
        "CASE_ID": "G\u017e-1251/2019",
        "civil_codes_used": [
            "Art. 51"
        ],
        "cost": "216,722.22 HRK",
        "duration": "1 year 5 months",
        "law": "Divorce",
        "state": "CROATIA",
        "type": "judicial",
        "law_type": "N/A",
        "succession_type": "N/A",
        "subject_of_succession": "N/A",
        "testamentary_clauses": "N/A",
        "disputed_issues": "N/A",
        "relationship_between_parties": "N/A",
        "number_of_persons_involved": "N/A"
    }
}