{
    "content": "this legal case started in july 2011 and recently concluded in may 2020 the plaintiff who is one of the coowners of a property wanted to dissolve the coownership and either divide the property or receive compensation for their share the defendant who initially acknowledged the claim passed away during the proceedings and their heir mp was declared the court accepted the plaintiffs claim against the late defendant and made the decision based on the civil procedure act",
    "metadata": {
        "CASE_ID": "Pst-814/11",
        "civil_codes_used": [
            "Art. 331",
            "Art. 338"
        ],
        "duration": "8 years, 10 months",
        "law": "Divorce",
        "state": "CROATIA",
        "type": "judicial",
        "cost": "N/A",
        "law_type": "N/A",
        "succession_type": "N/A",
        "subject_of_succession": "N/A",
        "testamentary_clauses": "N/A",
        "disputed_issues": "N/A",
        "relationship_between_parties": "N/A",
        "number_of_persons_involved": "N/A"
    }
}