{
    "content": "this is a legal summary of a case involving a coownership property dispute the case was initially heard in the municipal court zagreb and is now being heard in the county court vara\u017edin in the 2nd instance the court decided to sell the property through a public auction and distribute the proceeds among the coowners based on their ownership ratios the counterparty objected to the division but the court rejected their arguments and determined that the termination of the coownership was necessary the court also found that a geometric division of the property was not possible the property will now be sold through a public auction and the proceeds will be distributed proportionally among the coowners the counterparty challenged the courts decision but the appellate court upheld the decision",
    "metadata": {
        "CASE_ID": "G\u017e.314/10-2",
        "civil_codes_used": [
            "Art. 50"
        ],
        "duration": "1 year",
        "law": "Divorce",
        "state": "CROATIA",
        "type": "judicial",
        "cost": "N/A",
        "law_type": "N/A",
        "succession_type": "N/A",
        "subject_of_succession": "N/A",
        "testamentary_clauses": "N/A",
        "disputed_issues": "N/A",
        "relationship_between_parties": "N/A",
        "number_of_persons_involved": "N/A"
    }
}