{
    "content": "this text is about a legal case in croatia involving the coownership of a house and courtyard the court has decided to dissolve the coownership and sell the property at a public auction the proceeds from the sale will be divided among the coowners based on their shares of ownership the decision to sell the property was made according to article 50 of the property act the court also considered objections regarding the size of the coownership shares and proposals to prove exclusive ownership of specific parts of the property the parties involved had the choice to agree on a way to end the coownership but they decided to sell the property instead",
    "metadata": {
        "CASE_ID": "Rev 609/2013",
        "civil_codes_used": [
            "Art. 50"
        ],
        "law": "Divorce",
        "state": "CROATIA",
        "type": "judicial",
        "cost": "N/A",
        "duration": "N/A",
        "law_type": "N/A",
        "succession_type": "N/A",
        "subject_of_succession": "N/A",
        "testamentary_clauses": "N/A",
        "disputed_issues": "N/A",
        "relationship_between_parties": "N/A",
        "number_of_persons_involved": "N/A"
    }
}