{
    "content": "this is a legal case about the coownership of a property after 2 years and 7 months the court decided that the property will be sold at a public auction and the proceeds will be divided among the parties involved the court based its decision on the property act and the nonlitigious civil procedure act the appellant is appealing the decision arguing that the value and possibility of dividing the property were determined incorrectly they believe they should receive a larger share due to their contributions however the court determined that the firstinstance court made the correct assessment and applied the appropriate laws so the appeal was rejected and the initial decision was confirmed",
    "metadata": {
        "CASE_ID": "G\u017e 1435/2021-2",
        "civil_codes_used": [
            "Art. 50",
            "Art. 20"
        ],
        "cost": "4172, 80 HRK",
        "duration": "2 years 7 months",
        "law": "Divorce",
        "state": "CROATIA",
        "type": "judicial",
        "law_type": "N/A",
        "succession_type": "N/A",
        "subject_of_succession": "N/A",
        "testamentary_clauses": "N/A",
        "disputed_issues": "N/A",
        "relationship_between_parties": "N/A",
        "number_of_persons_involved": "N/A"
    }
}