{
    "content": "this legal case took place in the municipal court split and involves the dissolution of a coownership property specifically an apartment the property will be sold at a public auction and the resulting value will be divided among the parties involved the claimant is entitled to 14 of the value while respondent 1 is also entitled to 14 and respondent 2 is entitled to 24 the claimant proposed the dissolution of the property but the respondent opposed claiming sole ownership of a portion of the property the court reviewed documents and expert testimony and concluded that a civil division through a public auction was necessary the court made its decision based on the property act",
    "metadata": {
        "CASE_ID": "R 1-409/20",
        "civil_codes_used": [
            "Art. 20",
            "Art. 50"
        ],
        "cost": "464.33 EUR",
        "duration": "1 year, 8 months",
        "law": "Divorce",
        "state": "CROATIA",
        "type": "judicial",
        "law_type": "N/A",
        "succession_type": "N/A",
        "subject_of_succession": "N/A",
        "testamentary_clauses": "N/A",
        "disputed_issues": "N/A",
        "relationship_between_parties": "N/A",
        "number_of_persons_involved": "N/A"
    }
}