{
    "content": "this legal text provides an update on a case that has been ongoing for 1 year and 6 months the case involves a coownership property consisting of houses and a yard as well as arable land the parties involved in the coownership are identified as j r and j b f along with other counterparties the civil division has been dissolved and the property will be sold at a public auction with the purchase price distributed according to the size of the coownership shares the applicants request for reimbursement of procedural costs has been rejected the plaintiff filed a motion to dissolve the coownership and the counterparty raised objections regarding the assessment of the propertys value the court ordered evidence from a construction expert to determine the value of the property and the experts findings were deemed substantiated the plaintiff proposed a judicial sale but the counterparty suggested a voluntary transfer which was not achieved therefore the court ordered the dissolution of the coownership and for the parties to reach an agreement on the division method and payment based on their coownership shares the costs of the dissolution proceeding will be borne by the coowners in proportion to their shares except for the plaintiff who proposed dissolution and payment based on undisputed shares and thus will bear the costs solely",
    "metadata": {
        "CASE_ID": "R1-70/21-38",
        "civil_codes_used": [
            "Art. 54"
        ],
        "cost": "3.090,45 HRK",
        "duration": "1 year, 6 months",
        "law": "Divorce",
        "state": "CROATIA",
        "type": "judicial",
        "nature_of_separation": "dissolution of co-ownership",
        "law_type": "N/A",
        "succession_type": "N/A",
        "subject_of_succession": "N/A",
        "testamentary_clauses": "N/A",
        "disputed_issues": "N/A",
        "relationship_between_parties": "N/A",
        "number_of_persons_involved": "N/A"
    }
}