{
    "content": "this legal case took place in the municipal court of pazin and involves a property dispute the applicant requested the dissolution of coownership and offered compensation to the other parties the properties in question are a house and yard that cannot be divided various documents were presented as evidence including land registry extracts and certificates the court granted the applicant full ownership of the properties and determined specific amounts to be paid to the other coowners the court also decided that opposing parties have a lien on the properties",
    "metadata": {
        "CASE_ID": "R1 79/2023-77",
        "civil_codes_used": [
            "Art. 54",
            "Art. 50",
            "Art. 51"
        ],
        "cost": "1.507,26 EUR",
        "duration": "5 years, 3 months",
        "law": "Divorce",
        "state": "CROATIA",
        "type": "judicial",
        "law_type": "N/A",
        "succession_type": "N/A",
        "subject_of_succession": "N/A",
        "testamentary_clauses": "N/A",
        "disputed_issues": "N/A",
        "relationship_between_parties": "N/A",
        "number_of_persons_involved": "N/A"
    }
}