{
    "content": "this legal case involves two parties who are in a dispute over the coownership of a residential property the case was first heard in the municipal court of rijeka on january 27 2017 and then in the county court of vara\u017edin on april 4 2018 currently the case is in the cost procedure stage the firstinstance court received a proposal to dissolve the coownership and divide the property through a public auction or another suitable method after considering expert opinions and evidence the court decided to dissolve the coownership through civil division however the opposing party raised objections about the fairness of the proceedings the accuracy of the factual situation and the value of the property they also introduced new facts for the first time in their appeal which they are authorized to do according to the civil procedure act",
    "metadata": {
        "CASE_ID": "G\u017e-886/17",
        "civil_codes_used": [
            "Art.50",
            "Art. 54"
        ],
        "cost": "4.187,00 HRK",
        "duration": "2 years and 10 months",
        "law": "Divorce",
        "state": "CROATIA",
        "type": "judicial",
        "law_type": "N/A",
        "succession_type": "N/A",
        "subject_of_succession": "N/A",
        "testamentary_clauses": "N/A",
        "disputed_issues": "N/A",
        "relationship_between_parties": "N/A",
        "number_of_persons_involved": "N/A"
    }
}