{
    "content": "this legal case involves two parties the county court vara\u017edin and the municipal court split the county court vara\u017edin is the second instance court while the municipal court split is the first instance court the case number for the county court vara\u017edin is g\u017e74418 and for the municipal court split is r198316 the second instance court decision was made on 14042018 and the first instance court decision was made on 12042018 the procedure in this case is a cost procedure the court resolved a property dispute through a civil division process the court determined that the property a threebedroom apartment could not be divided due to its unique construction therefore the court ordered the property to be sold at a public auction and the proceeds were divided among the coowners the court based its decision on the property act and the findings of a construction expert the entire procedure lasted for approximately 4 years and 5 months",
    "metadata": {
        "CASE_ID": "G\u017e-744/18",
        "civil_codes_used": [
            "Art. 47",
            "Art. 20"
        ],
        "cost": "3.550,00 HRK",
        "duration": "4 years and 5 months",
        "law": "Divorce",
        "state": "CROATIA",
        "type": "judicial",
        "law_type": "N/A",
        "succession_type": "N/A",
        "subject_of_succession": "N/A",
        "testamentary_clauses": "N/A",
        "disputed_issues": "N/A",
        "relationship_between_parties": "N/A",
        "number_of_persons_involved": "N/A"
    }
}