{
    "content": "this legal case involves two parties jm and km who are disputing the ownership of a property the case was brought to the municipal court sesvete as a first instance the court decided to sell the property and distribute the sale price between the parties according to their coownership shares each party received 12 of the total sale price the plaintiff jm claimed that they had coownership rights over the property while the defendant km disputed this and argued for a lower coownership right a noncontentious court proceeding was initiated to divide the coownership and the plaintiff filed a lawsuit the defendant denied that the property was purchased during the marriage and argued for a lower coownership right the court determined that the parties have joint ownership in a 12 ratio and dissolved the coownership accordingly the defendant also sought reimbursement for litigation costs",
    "metadata": {
        "CASE_ID": "P-119/2019",
        "cost": "15.600,00 HRK",
        "duration": "3 years and 11 months",
        "law": "Divorce",
        "state": "CROATIA",
        "type": "judicial",
        "civil_codes_used": "N/A",
        "law_type": "N/A",
        "succession_type": "N/A",
        "subject_of_succession": "N/A",
        "testamentary_clauses": "N/A",
        "disputed_issues": "N/A",
        "relationship_between_parties": "N/A",
        "number_of_persons_involved": "N/A"
    }
}