{
    "content": "this legal case involves a dispute over the coownership of a real estate property the case has been going on for over 4 years the final decision is that the property will be sold at a public auction and the money will be divided among the coowners based on their ownership shares the court made this decision based on the property act and the findings of a court expert the person who started the case wanted to end the coownership while the other person disagreed with their share of the property the court decided that it was fair and necessary to dissolve the coownership",
    "metadata": {
        "CASE_ID": "G\u017e-1998/15",
        "civil_codes_used": [
            "Art. 47",
            "Art. 56"
        ],
        "cost": "9.550,00 HRK",
        "duration": "4 years 2 months",
        "law": "Divorce",
        "state": "CROATIA",
        "type": "judicial",
        "law_type": "N/A",
        "succession_type": "N/A",
        "subject_of_succession": "N/A",
        "testamentary_clauses": "N/A",
        "disputed_issues": "N/A",
        "relationship_between_parties": "N/A",
        "number_of_persons_involved": "N/A"
    }
}