{
    "content": "this text is about a legal case in the supreme court of croatia the case has been ongoing for 6 years and 1 month it involves a property owned by the city and the court initially decided to terminate the coownership and ordered the city to pay compensation to the applicant however the appellate court accepted the appeal and overturned the decision dismissing the request to terminate the coownership the decision was based on article 51 paragraph 1 of the property act",
    "metadata": {
        "CASE_ID": "Rev 2632/2013",
        "civil_codes_used": [
            "Art. 51"
        ],
        "duration": "6 years and 1 month",
        "law": "Divorce",
        "state": "CROATIA",
        "type": "judicial",
        "cost": "N/A",
        "law_type": "N/A",
        "succession_type": "N/A",
        "subject_of_succession": "N/A",
        "testamentary_clauses": "N/A",
        "disputed_issues": "N/A",
        "relationship_between_parties": "N/A",
        "number_of_persons_involved": "N/A"
    }
}