{
    "content": "this legal text is about a case involving the coownership of a threebedroom apartment the court decided to dissolve the coownership and allocate equal shares of the property to the petitioner the petitioner was asked to pay a certain amount of money to the counterparty representing their coownership share the court determined that the petitioners owned 68 shares and the counterparty owned 28 shares the court conducted an expert examination to determine the value of the property and accepted the petitioners proposal to dissolve the coownership and pay the counterpartys share the court also established a lien on the property in favor of the counterparty the counterparty appealed the decision but it was ultimately affirmed by the court",
    "metadata": {
        "CASE_ID": "G\u017e-2333/17",
        "civil_codes_used": [
            "Art. 51"
        ],
        "cost": "148,125.00 HRK",
        "duration": "2 years, 3 months",
        "law": "Divorce",
        "state": "CROATIA",
        "type": "judicial",
        "law_type": "N/A",
        "succession_type": "N/A",
        "subject_of_succession": "N/A",
        "testamentary_clauses": "N/A",
        "disputed_issues": "N/A",
        "relationship_between_parties": "N/A",
        "number_of_persons_involved": "N/A"
    }
}