{
    "content": "this legal text is about a court case involving two parties the case was initially filed in the municipal court split and is now being heard in the county court vara\u017edin 2nd instance the applicant has incurred costs of hrk 320000 and the opposing party who is a coowner is required to pay 12 of this amount additionally the opposing party must pay hrk 160000 for outofcourt procedure costs within 15 days the case involves the division of coownership of a real estate area measuring 311 m2 the opposing party filed an appeal contesting the decision made by the municipal court split claiming that the division had already been completed based on an agreement between the parties however the court found that the division was not completed and proceeded with the division of coownership the court rejected the appeal and confirmed the decision made by the firstinstance court",
    "metadata": {
        "CASE_ID": "G\u017e-642/2020-3",
        "civil_codes_used": [
            "Art. 48"
        ],
        "cost": "3,200.00 HRK ",
        "duration": "5 years, 10 months",
        "law": "Divorce",
        "state": "CROATIA",
        "type": "judicial",
        "law_type": "N/A",
        "succession_type": "N/A",
        "subject_of_succession": "N/A",
        "testamentary_clauses": "N/A",
        "disputed_issues": "N/A",
        "relationship_between_parties": "N/A",
        "number_of_persons_involved": "N/A"
    }
}