{
    "content": "this is a legal case about a dispute over coownership of a property the case was heard in the municipal court slavonski brod the procedure lasted for one year and six months the final resolution was to dissolve the coownership and sell the property through a public auction or another appropriate method the proceeds from the sale were divided proportionally among the coowners the petitioner had a 1620 share while the opposing parties had 120 shares each the decision was based on a property law that allows for the division of joint ownership the property in question was a building and a courtyard the court determined the market value of the property and concluded that a physical division is possible both parties are now required to follow the law",
    "metadata": {
        "CASE_ID": "R1-104/2021",
        "civil_codes_used": [
            "Article 50"
        ],
        "duration": "1 year and 6 months",
        "law": "Divorce",
        "state": "CROATIA",
        "type": "judicial",
        "cost": "N/A",
        "law_type": "N/A",
        "succession_type": "N/A",
        "subject_of_succession": "N/A",
        "testamentary_clauses": "N/A",
        "disputed_issues": "N/A",
        "relationship_between_parties": "N/A",
        "number_of_persons_involved": "N/A"
    }
}