{
    "content": "this legal case involves a residential building located at 26 derventska street the case has been ongoing since january 3 2020 and has now reached its final resolution the court has decided to divide the ownership of the building with the proposer receiving \u00bc and the counterparty receiving \u00be the court made this decision based on the coownership ratios recorded in the land register and the results of an expert examination that valued the property at 120642690 hrk the opposing party challenged the coownership ratios but failed to provide any evidence or reasons for their objection as a result the court ordered the opposing party to reimburse the proposer for the costs of the expert examination",
    "metadata": {
        "CASE_ID": "G\u017e-1440/2021-2",
        "civil_codes_used": [
            "Art. 54"
        ],
        "cost": "4,029.60 HRK",
        "duration": "2 years",
        "law": "Divorce",
        "state": "CROATIA",
        "type": "judicial",
        "law_type": "N/A",
        "succession_type": "N/A",
        "subject_of_succession": "N/A",
        "testamentary_clauses": "N/A",
        "disputed_issues": "N/A",
        "relationship_between_parties": "N/A",
        "number_of_persons_involved": "N/A"
    }
}