{
    "content": "this is a legal case that started in the municipal court \u010dakovec and is now in the county court vara\u017edin the case has been ongoing for 2 years in 2014 a resolution was made regarding the coownership of a property in \u010dakovec the coowners decided to dissolve the coownership through a civil partition the court ordered a public sale of the property and divided the proceeds among the coowners based on their coownership ratios the counterparty appealed the decision without stating legal grounds and requested the appellate court to amend the decision the firstinstance court dissolved the coownership and determined the value of the property the counterparty was ordered to reimburse the petitioner for partition costs the firstinstance court also established that the party representing the legal representatives would bear the legal costs while the common material costs would be borne proportionally by the coowners based on their coownership shares",
    "metadata": {
        "CASE_ID": "G\u017e-1510/2019",
        "civil_codes_used": [
            "Art. 54"
        ],
        "cost": "3.805,04 HRK",
        "duration": "5 years",
        "law": "Divorce",
        "state": "CROATIA",
        "type": "judicial",
        "law_type": "N/A",
        "succession_type": "N/A",
        "subject_of_succession": "N/A",
        "testamentary_clauses": "N/A",
        "disputed_issues": "N/A",
        "relationship_between_parties": "N/A",
        "number_of_persons_involved": "N/A"
    }
}