{
    "content": "this is a legal summary of a case being heard in the county court osijek the previous court involved was the municipal court zagreb the plaintiff was owed 443640 hrk by the counterparty the court decided to dissolve the coownership of a property and sell it at a public auction with the sale value divided between the parties according to their ownership shares the counterpartys appeal was partially justified and they were ordered to reimburse the plaintiff for their share of the costs the court made its decision based on relevant laws and the case was resolved",
    "metadata": {
        "CASE_ID": "G\u017e-653/2021-2",
        "civil_codes_used": [
            "Art. 50",
            "Art. 51",
            "Art. 54"
        ],
        "cost": "8,872.80 HRK",
        "duration": "1 years 5 months",
        "law": "Divorce",
        "state": "CROATIA",
        "type": "judicial",
        "law_type": "N/A",
        "succession_type": "N/A",
        "subject_of_succession": "N/A",
        "testamentary_clauses": "N/A",
        "disputed_issues": "N/A",
        "relationship_between_parties": "N/A",
        "number_of_persons_involved": "N/A"
    }
}