{
    "content": "this is a summary of a legal case that took place in the municipal court of po\u017eega the case involved a coownership property specifically a piece of agricultural land the court ordered one party identified as dbr to pay the other party identified as br a certain amount of money as compensation for their coownership share the court also ordered the land registry department to register the ownership right of dbr the decision was based on the property act and involved a hearing expert appraisal and determination of the propertys value ultimately the court ruled in favor of dbr stating that the property should belong entirely to them additionally the petitioner was responsible for covering the costs of the proceedings",
    "metadata": {
        "CASE_ID": "R1-6/2021-19",
        "civil_codes_used": [
            "Art. 47",
            "Art. 50",
            "Art. 51"
        ],
        "duration": "1 year, 4 months",
        "law": "Divorce",
        "state": "CROATIA",
        "type": "judicial",
        "cost": "N/A",
        "law_type": "N/A",
        "succession_type": "N/A",
        "subject_of_succession": "N/A",
        "testamentary_clauses": "N/A",
        "disputed_issues": "N/A",
        "relationship_between_parties": "N/A",
        "number_of_persons_involved": "N/A"
    }
}