{
    "content": "this legal text provides an overview of a specific case referred to as case n\u00b0 128032013 without disclosing the names of the parties involved the case started in september 2009 and lasted for four years until november 2013 the court made a determination regarding the distribution of assets among coheirs based on article 727 of the civil code the italian republic represented by the italian people is involved in the legal proceeding in the court of naples the court found in favor of the plaintiffs counsel in june 2013 as the defendant did not appear in court the plaintiff provided sufficient evidence to support their claim for an accounting of the inheritance assets the court ordered the defendant to pay the plaintiff a specific amount plus interest as well as the costs of the litigation and the courtappointed expert opinion the defendant mr accomplishment was declared in contempt of court the plaintiff mr name omitted was awarded a sum of \u20ac62446 plus legal interest and the defendant was ordered to pay the plaintiffs legal costs and the expenses related to the official technical consulting the judgment is enforceable and was decided on november 18 2013 by a single judge",
    "metadata": {
        "CASE_ID": "12803/2013",
        "civil_codes_used": [
            "Art. 727"
        ],
        "cost": "20'624.46 EUR compensation",
        "duration": "4 years",
        "law": "Inheritance",
        "state": "ITALY",
        "type": "judicial",
        "law_type": "N/A",
        "succession_type": "N/A",
        "subject_of_succession": "N/A",
        "testamentary_clauses": "N/A",
        "disputed_issues": "N/A",
        "relationship_between_parties": "N/A",
        "number_of_persons_involved": "N/A"
    }
}