{
    "content": "the livorno court has issued a final ruling in a succession case they have declared the deceased persons succession and determined the entitlements of the parties involved the court has ordered the division of various properties including a marital residence and commercial properties among the parties one party has been ordered to pay a balance to the other party the court has also determined that each party should bear their own litigation costs the judgment was based on relevant provisions of the civil code and the civil procedure code the court rejected objections raised by one party and proceeded with the division of the estate they considered an expert report on the properties and made necessary allocations the court also addressed arguments regarding the right of habitation and use of the properties the surviving spouse has been assigned a larger share of the inheritance and the properties have been assigned accordingly the court has also ordered the reimbursement of expenses incurred in the division process",
    "metadata": {
        "CASE_ID": "Tribunale Livorno, 06/02/2020, n.120",
        "civil_codes_used": [
            "Art. 533",
            "Art. 540",
            "Art. 581",
            "Art. 582",
            "Art. 720",
            "Art. 729",
            "Art. 1350"
        ],
        "financial_support": "18,700.00 EUR compensation",
        "duration": "years",
        "law": "Divorce",
        "state": "ITALY",
        "type": "judicial",
        "cost": "N/A",
        "law_type": "N/A",
        "succession_type": "N/A",
        "subject_of_succession": "N/A",
        "testamentary_clauses": "N/A",
        "disputed_issues": "N/A",
        "relationship_between_parties": "N/A",
        "number_of_persons_involved": "N/A"
    }
}