{
    "content": "this legal text summarizes the progress of a 13yearlong case the court of first instance issued a final ruling in favor of the plaintiff partially upholding their claim the defendants were ordered to reinstate the plaintiffs legitimate share payment totaling \u20ac1000 and \u20ac1912612 along with interest and revaluation the case involved a dispute over the deceased mothers property and alleged simulation of property sales the defendants argued that the action was timebarred but the court disagreed the court found evidence of simulation and determined the value of the plaintiffs legitimate share the defendants were ordered to pay the determined amount considering expenses and previously received gifts the court also considered the costs of the proceedings and ruled that the plaintiff should be compensated for their legal expenses the court made a final decision on the claim brought by icmc acl and vcmi partially upholding the applicants request the defendants vcmc were ordered to reinstate a legitimate share payment to ci totaling \u20ac1000 and \u20ac1912612 adjusted according to istat indexes the court rejected the application for a declaration of simulation the costs of the proceedings will be divided between the parties with the coheirs ic mc and vc responsible for the costs of an experts report this decision was made by the bari court on february 11 2014",
    "metadata": {
        "CASE_ID": "Tribunale Bari sez. I, 10/03/2014, n.1270",
        "civil_codes_used": [
            "Art. 537"
        ],
        "financial_support": "Euro 1'000 and \u00e2\u201a\u00ac 30,950.40 legtimate share payment",
        "duration": "13 years",
        "law": "Inheritance",
        "state": "ITALY",
        "type": "judicial",
        "succession_type": "testamentary",
        "subject_of_succession": "properties",
        "disputed_issues": "division of assets",
        "relationship_between_parties": "brothers",
        "number_of_persons_involved": 5,
        "cost": "N/A",
        "law_type": "N/A",
        "testamentary_clauses": "N/A"
    }
}