{
    "content": "in this legal case the court has declared the succession of a deceased person and determined the provisions of their will the court has ordered a reduction in the plaintiffs share and granted another party the right to inherit from the estate additionally the court has dissolved a community and awarded ownership of specific properties to different parties the court has also discussed the trial proceedings including the arguments made by the parties and the evidence presented they have determined the value of the estate and calculated the shares of the heirs the court has addressed the reduction of testamentary provisions and the division of the estate as well as the payment of adjustments and interest finally the court has concluded by stating that the costs of the litigation must be compensated the final decision was made on february 12 2013 in teramo dismissing any objections and confirming the opening of the succession on may 30 2007",
    "metadata": {
        "CASE_ID": "Tribunale Teramo, 18/02/2013, n.143",
        "civil_codes_used": [
            "Art. 536",
            "Art. 537",
            "Art. 558",
            "Art. 727",
            "Art. 757"
        ],
        "cost": "46,044.45 EUR compensation",
        "duration": "May 30, 2007",
        "law": "Divorce",
        "state": "ITALY",
        "type": "judicial",
        "nature_of_separation": "Judicial",
        "presence_of_children": true,
        "marital_regime": "community of property",
        "financial_support": "1'000 EUR maintenance",
        "duration_of_marriage": "5 years",
        "law_type": "N/A",
        "succession_type": "N/A",
        "subject_of_succession": "N/A",
        "testamentary_clauses": "N/A",
        "disputed_issues": "N/A",
        "relationship_between_parties": "N/A",
        "number_of_persons_involved": "N/A"
    }
}