{
    "content": "this legal text summarizes a court case that took place in ragusa on february 10 2011 the case involved two parties referred to as party cf and party ts party cf sued party ts for coownership of a property cf claimed to be a coowner based on a purchase made in 2004 after reviewing the evidence and technical investigations the court found in favor of cf the court ordered ts to pay a balance of money to cf and also determined that the property should be divided and awarded to cf the court noted that the mortgage on the property had been paid off additionally the court ordered ts to pay a sum of euro 16667 to cf along with legal interest from the date of the judgment ts did not respond to the summons so the court decided in favor of cf the court also ordered ts to pay the costs of the proceedings which amounted to euro 253266 including costs and fees the decision was made on february 1 2011 and filed with the court on february 10 2011",
    "metadata": {
        "CASE_ID": "No. 100",
        "civil_codes_used": [
            "Art. 720",
            "Art. 1116"
        ],
        "cost": "Euro 2,532.66 fees compensation",
        "duration": "2 years",
        "law": "Inheritance",
        "state": "ITALY",
        "type": "judicial",
        "law_type": "N/A",
        "succession_type": "N/A",
        "subject_of_succession": "N/A",
        "testamentary_clauses": "N/A",
        "disputed_issues": "N/A",
        "relationship_between_parties": "N/A",
        "number_of_persons_involved": "N/A"
    }
}