{
    "content": "in this legal case the court has made a final decision involving several parties one party was declared in default and another partys payment demand was partially upheld the court also opened a succession and identified the legal heirs a division project for the property was approved and the court ordered the drawing of lots to allocate it among the parties certain exceptions and counterclaims were rejected the court addressed the reimbursement of expenses and ordered the payment of a specific amount to one party the court described the properties involved and determined their value the judgment is final and can be appealed the costs of the litigation will be shared equally among the parties the outcome of the drawing of lots will be transcribed and the property will be divided accordingly",
    "metadata": {
        "CASE_ID": "Tribunale Latina sez. I, 08/11/2018, n.2711",
        "civil_codes_used": [
            "Art. 456",
            "Art. 791",
            "Art. 1110"
        ],
        "cost": "9'024.16 EUR compensation",
        "duration": "years",
        "law": "Divorce",
        "state": "ITALY",
        "type": "judicial",
        "nature_of_separation": "Judicial",
        "presence_of_children": true,
        "marital_regime": "community of property",
        "financial_support": "500 EUR monthly alimony",
        "duration_of_marriage": "5 years",
        "law_type": "N/A",
        "succession_type": "N/A",
        "subject_of_succession": "N/A",
        "testamentary_clauses": "N/A",
        "disputed_issues": "N/A",
        "relationship_between_parties": "N/A",
        "number_of_persons_involved": "N/A"
    }
}