{
    "content": "in this legal case the court in pisa has made a final ruling between two parties referred to as ge and ch ge has been awarded full ownership of a property in pisa and chs claims have been declared inadmissible the court has also ordered the cancellation of two mortgages one in favor of equitalia cerit and another in favor of ch ge is entitled to receive a certain amount of money from ch and ch is responsible for reimbursing ge for 50 of the litigation costs the court has considered the arguments and evidence presented by both parties and made a decision based on that",
    "metadata": {
        "CASE_ID": "Tribunale Pisa, 19/03/2018, n.251",
        "civil_codes_used": [
            "Art. 720",
            "Art. 2825"
        ],
        "cost": "57'319.05 EUR value",
        "duration": "years",
        "law": "Inheritance",
        "state": "ITALY",
        "type": "judicial",
        "subject_of_succession": "real estate",
        "disputed_issues": "division of assets",
        "law_type": "N/A",
        "succession_type": "N/A",
        "testamentary_clauses": "N/A",
        "relationship_between_parties": "N/A",
        "number_of_persons_involved": "N/A"
    }
}