{
    "content": "this legal text provides a summary of the progress of a specific case referred to as case n\u00b0 4212023 the text does not disclose the names of the parties involved the summary begins with the filing of a complaint by one party against another outlining the issues and requesting relief the defendant then filed an answer addressing the allegations both parties engaged in the discovery process exchanging relevant documents and conducting depositions to gather evidence a settlement conference was held to resolve the dispute but if no agreement was reached the case proceeded to trial at trial both parties presented their arguments and evidence and witnesses and experts provided testimony the court issued a judgment determining the outcome of the case and granting relief to the prevailing party either party had the option to file an appeal which would be reviewed by a higher court the text does not provide information on the outcome of the appeal or any further steps in the case the case started on february 3 2016 and is expected to continue until july 4 2023 the court made a final ruling declaring the dissolution of a community inheritance and assigning specific assets to each party a technical consultant was appointed to handle the transfer of ownership of registered movable property the text also mentions another civil case brought before the court of ascoli piceno in italy involving a dispute between the plaintiffs and the defendant the court will make a judgment based on the arguments and conclusions presented the plaintiffs are heirs of mr pama and sued mr pavi to determine the existence of community property and the distribution of agricultural equipment the plaintiffs claim coownership of the defendants property and equipment but the defendant has not cooperated in dividing the assets the court found in favor of the plaintiffs but also noted a significant delay caused by them the court assigned assets to each party and ordered the defendant to reimburse the plaintiffs for half of the litigation expenses the ruling was made on july 3 2023 and filed on july 4 2023",
    "metadata": {
        "CASE_ID": "421/2023",
        "civil_codes_used": [
            "Art. 713"
        ],
        "cost": "1'300.00 EUR fees",
        "duration": "7 years",
        "law": "Divorce",
        "state": "ITALY",
        "type": "judicial",
        "law_type": "N/A",
        "succession_type": "N/A",
        "subject_of_succession": "N/A",
        "testamentary_clauses": "N/A",
        "disputed_issues": "N/A",
        "relationship_between_parties": "N/A",
        "number_of_persons_involved": "N/A"
    }
}