{
    "content": "this legal text summarizes the division of assets between multiple parties it provides details about the properties involved such as their location size and cadastral income it also mentions the ownership shares and their respective values for each party the division of assets is agreed upon by all parties and any remaining balance is waived by one party in favor of another",
    "metadata": {
        "CASE_ID": "Notary MB, 6/2/2013",
        "cost": "not specified, compensated",
        "law": "Inheritance",
        "state": "ITALY",
        "type": "extrajudicial",
        "disputed_issues": "division of assets",
        "duration": "N/A",
        "civil_codes_used": "N/A",
        "law_type": "N/A",
        "succession_type": "N/A",
        "subject_of_succession": "N/A",
        "testamentary_clauses": "N/A",
        "relationship_between_parties": "N/A",
        "number_of_persons_involved": "N/A"
    }
}