{
    "content": "this legal text summarizes the division of property among multiple parties it lists the specific assets involved such as apartments garages and courtyards and provides cadastral information and income for each property it mentions the parties who acquired the building and how the shares were divided among them each party receives ownership of specific properties with the value of each share specified the parties also agree to waive any potential legal mortgage the text ends with the signatures of the parties involved and the notary",
    "metadata": {
        "CASE_ID": "Notary MB, 22/11/2004",
        "law": "Inheritance",
        "state": "ITALY",
        "type": "extrajudicial",
        "subject_of_succession": "apartments, garage, courtyards",
        "disputed_issues": "division of assets",
        "cost": "N/A",
        "duration": "N/A",
        "civil_codes_used": "N/A",
        "law_type": "N/A",
        "succession_type": "N/A",
        "testamentary_clauses": "N/A",
        "relationship_between_parties": "N/A",
        "number_of_persons_involved": "N/A"
    }
}