{
    "content": "this legal text provides an overview of a case without mentioning the names of the parties involved the court has ordered one party referred to as f to pay the mediation costs totaling \u20ac600 for the ongoing legal proceedings f is also required to pay fees for the merit phase \u20ac5077 and the precautionary phase \u20ac2300 of the proceedings as well as reimburse general expenses and vat the court has determined that f is responsible for paying the costs of the technical expert appointed by the court but the exact amount is not mentioned the case spans over four years from november 13 2018 to december 12 2022 the court has ordered a certain party to release an apartment and a garage located in naples italy to another party the condemned party is also required to pay the plaintiff \u20ac1623114 plus legal interest the case is being heard in the court of naples and the decision hearing is scheduled for 04072022 the plaintiff is represented by avv ll and the defendantcounterclaimer is represented by avv omiss the court has declared that the plaintiff holds joint ownership of certain properties without title and has ordered the defendant to release these properties and pay an occupancy indemnity the court has dismissed counterclaims made by the defendant and awarded costs and fees to the plaintiff the court has made a final judgment in the case",
    "metadata": {
        "CASE_ID": "11009/22",
        "civil_codes_used": [
            "Art. 110"
        ],
        "financial_support": "20'600,00",
        "duration": "4 years",
        "law": "Divorce",
        "state": "ITALY",
        "type": "judicial",
        "cost": "N/A",
        "law_type": "N/A",
        "succession_type": "N/A",
        "subject_of_succession": "N/A",
        "testamentary_clauses": "N/A",
        "disputed_issues": "N/A",
        "relationship_between_parties": "N/A",
        "number_of_persons_involved": "N/A"
    }
}