{
    "content": "this text summarizes the progress of a legal case involving a division of assets a mediator adv r g was appointed to oversee the case the case was filed on 05112014 and the parties agreed to attempt mediation on 12162014 however the meeting was postponed twice and finally took place on 03032015 during the meeting the parties reached an agreement which was documented in a private writing attached to the conciliation minutes the mediator acknowledged the agreement and declared the proceedings closed the costs of the mediation were determined to be \u20ac116713 including vat the summary concludes with the date and location of the meeting",
    "metadata": {
        "CASE_ID": "905/MED",
        "cost": "1'167.13 EUR fees",
        "duration": "3 months",
        "law": "Inheritance",
        "state": "ITALY",
        "type": "extrajudicial",
        "disputed_issues": "division of assets",
        "number_of_persons_involved": 3,
        "civil_codes_used": "N/A",
        "law_type": "N/A",
        "succession_type": "N/A",
        "subject_of_succession": "N/A",
        "testamentary_clauses": "N/A",
        "relationship_between_parties": "N/A"
    }
}