{
    "content": "this legal text is about a case in the court of appeal in naples italy the case involves a disputed inheritance and the court has issued a judgment regarding the division of the property the judgment has been appealed but the court has rejected the appeal on various grounds the court has made corrections to the judgment and adjusted the costs of the case in another case involving parental authority over a minor child the court partially accepted the appeal and ordered one party to pay a sum of money to the other party the court also dismissed a request for compensation for unlawful employment and determined that the costs of the courtappointed expert should be split between the parties the final decision was made on january 10 2023 by the councilor est dr dr president",
    "metadata": {
        "CASE_ID": "RG No. 2543/2017",
        "law": "Divorce",
        "state": "ITALY",
        "type": "judicial",
        "financial_support": "3'649.58 euros compensation",
        "duration_of_marriage": "unspecified",
        "cost": "N/A",
        "duration": "N/A",
        "civil_codes_used": "N/A",
        "law_type": "N/A",
        "succession_type": "N/A",
        "subject_of_succession": "N/A",
        "testamentary_clauses": "N/A",
        "disputed_issues": "N/A",
        "relationship_between_parties": "N/A",
        "number_of_persons_involved": "N/A"
    }
}