{
    "content": "in this legal case a holographic will made by the deceased father was declared partially null the court found that the plaintiffs legitimate share was breached and reduced the bequests made to the defendants the plaintiffs claim for the refund of profits was rejected but the defendants were granted half of the profits from certain properties the court confirmed the estate expenses incurred by the defendants and ordered the plaintiff to contribute to these expenses the plaintiffs counterclaims were rejected and the legal costs were distributed among the parties the court also resolved the issue of disputed properties by excluding certain properties from the estate overall the court partially accepted the plaintiffs claim and partially accepted the defendants counterclaim",
    "metadata": {
        "CASE_ID": "R.G. 699/2016",
        "civil_codes_used": [
            "Art. 533",
            "Art. 587",
            "Art. 1419"
        ],
        "cost": "13.063,98 EUR value",
        "duration": "9 years",
        "law": "Inheritance",
        "state": "ITALY",
        "type": "judicial",
        "succession_type": "testamentary",
        "subject_of_succession": "real estate",
        "disputed_issues": "validity of will",
        "relationship_between_parties": "siblings",
        "number_of_persons_involved": 5,
        "law_type": "N/A",
        "testamentary_clauses": "N/A"
    }
}