{
    "content": "this is a legal summary of a court case that took place in ancona on february 8 2012 the case involved the dissolution of a jointly owned property between the plaintiffs and the heirs of mp the court determined that the plaintiffs own 912 of the property and the heirs own 312 since the property cannot be divided the court ordered the defendants share to be assigned to the plaintiffs who must pay the heirs the value of mps share the entire property will now be owned by the plaintiffs the court also ordered the plaintiffs to transfer their jointly owned share to the heirs and make a payment of \u20ac18250 within 90 days the registrar of property registries will handle the necessary formalities the parties are responsible for paying the costs of the courtappointed experts report the judgment was issued on june 26 2012",
    "metadata": {
        "CASE_ID": "Court sec. II - Ancona, 02/08/2012, no. 1040",
        "civil_codes_used": [
            "Art. 303",
            "Art. 292",
            "Art. 720"
        ],
        "cost": "not specified - compensation",
        "duration": "7 years",
        "law": "Inheritance",
        "state": "ITALY",
        "type": "judicial",
        "subject_of_succession": "real estate",
        "disputed_issues": "division of assets",
        "law_type": "N/A",
        "succession_type": "N/A",
        "testamentary_clauses": "N/A",
        "relationship_between_parties": "N/A",
        "number_of_persons_involved": "N/A"
    }
}