{
    "content": "in this legal case a court in verona has made a final decision regarding the division of an inherited estate the court assigned specific assets to each party involved including a building with multiple floors surrounding land with vineyards and other assets the court also established easements for pedestrian access and utility connections the defendant has been ordered to pay compensation to the coheirs for the use of a specific flat the court dismissed the defendants request for reimbursement of improvement costs and damages each party will bear their own legal costs and the judgment will be transcribed by the land agency",
    "metadata": {
        "CASE_ID": "Tribunale Verona, 22/11/2017, n.2754",
        "civil_codes_used": [
            "Art. 720",
            "Art. 737"
        ],
        "cost": "not specified, compensation",
        "law": "Inheritance",
        "state": "ITALY",
        "type": "judicial",
        "subject_of_succession": "real estate",
        "disputed_issues": "division of assets",
        "number_of_persons_involved": 5,
        "duration": "N/A",
        "law_type": "N/A",
        "succession_type": "N/A",
        "testamentary_clauses": "N/A",
        "relationship_between_parties": "N/A"
    }
}