{
    "content": "the urbino tribunal has issued a final decision in a legal case regarding the dissolution of joint ownership of a building in urbino italy the decision states that one party will be assigned the entire property and must pay 47000000 euros to the other party as an equalization payment the courtappointed expert witness confirmed that the property can be divided without significant expenses the estimated value of the property is 94000000 euros the decision clarifies that the ownership of the property will be assigned to one party and the excess share will also be allocated to that party the court rejects a request to defer the payment of the equalization amount the costs of the case including the expert opinion will be divided between the parties the decision was made by the judge on 10132022",
    "metadata": {
        "CASE_ID": "Tribunale Urbino, 13/10/2022, n.289",
        "civil_codes_used": [
            "Art. 720",
            "Art. 1116"
        ],
        "financial_support": "470'000.00 EUR compensation",
        "duration": "years",
        "law": "Divorce",
        "state": "ITALY",
        "type": "judicial",
        "cost": "N/A",
        "law_type": "N/A",
        "succession_type": "N/A",
        "subject_of_succession": "N/A",
        "testamentary_clauses": "N/A",
        "disputed_issues": "N/A",
        "relationship_between_parties": "N/A",
        "number_of_persons_involved": "N/A"
    }
}