{
    "content": "this legal text summarizes a court case that took place in grosseto on october 9 2015 the case involved the division of community property inheritance and lasted for 17 years from 1998 to 2015 the parties involved were referred to as sg sc and sa the court made a final decision based on an experts report assigning specific lots to each party the court also acknowledged any remaining movable claims listed in the report sg was ordered to pay the costs of the proceedings including professional fees and general expenses the courts decision was made on october 9 2015 and filed on the same day",
    "metadata": {
        "CASE_ID": "895",
        "cost": "7'795.00 EUR compensation",
        "duration": "17 years",
        "law": "Inheritance",
        "state": "ITALY",
        "type": "judicial",
        "subject_of_succession": "community of property",
        "disputed_issues": "division of assets",
        "number_of_persons_involved": 3,
        "civil_codes_used": "N/A",
        "law_type": "N/A",
        "succession_type": "N/A",
        "testamentary_clauses": "N/A",
        "relationship_between_parties": "N/A"
    }
}