{
    "content": "a court in monza has issued a final resolution regarding the dissolution of a community inheritance after the death of two individuals the plaintiff requested the dissolution and proposed either a cash settlement or the sale of the properties through an auction the defendant argued against the dissolution and proposed dividing the estate to continue a business an expert assessed the divisibility of the estate and determined it could be divided into two lots the courtappointed expert provided a vertical division plan but the plaintiff preferred a horizontal division the court decided to allocate one lot to the plaintiff and the other to the defendant the plaintiffs claim for reimbursement of expenses was dismissed the court also ordered both parties to share the costs of the proceedings and the experts report",
    "metadata": {
        "CASE_ID": "Tribunale Monza sez. IV, 18/05/2021, n.1020",
        "civil_codes_used": [
            "Art. 720",
            "Art. 727",
            "Art. 729"
        ],
        "cost": "not specified, compensation",
        "duration": "3 years",
        "law": "Inheritance",
        "state": "ITALY",
        "type": "judicial",
        "disputed_issues": "division of assets",
        "law_type": "N/A",
        "succession_type": "N/A",
        "subject_of_succession": "N/A",
        "testamentary_clauses": "N/A",
        "relationship_between_parties": "N/A",
        "number_of_persons_involved": "N/A"
    }
}