{
    "content": "this legal text provides a summary of the progress of a specific case without mentioning the names of the parties involved the case began with the filing of a complaint by one party against another outlining the issues and requesting relief the defendant then filed an answer addressing the allegations both parties engaged in the discovery process exchanging documents and conducting depositions to gather evidence if a settlement was not reached the case proceeded to trial where both parties presented their arguments and evidence after the trial the court issued a judgment determining the outcome of the case either party had the option to file an appeal which would be reviewed by a higher court the text does not provide information on the outcome of the appeal or any further steps in the case the specific details and parties involved are not mentioned in the summary",
    "metadata": {
        "CASE_ID": "1852/2022",
        "civil_codes_used": [
            "Art. 582",
            "Art. 718",
            "Art. 720",
            "Art. 726",
            "Art. 727",
            "Art. 737",
            "Art. 1114",
            "Art. 1350"
        ],
        "cost": "12,634.30 EUR fees",
        "duration": "2 years",
        "law": "Divorce",
        "state": "ITALY",
        "type": "judicial",
        "law_type": "N/A",
        "succession_type": "N/A",
        "subject_of_succession": "N/A",
        "testamentary_clauses": "N/A",
        "disputed_issues": "N/A",
        "relationship_between_parties": "N/A",
        "number_of_persons_involved": "N/A"
    }
}