{
    "content": "this legal text is about a specific case identified as case n\u00b0 110092022 it provides an overview of the progress of the case without mentioning the names of the parties involved the case begins with a complaint filed by one party against another alleging certain actions or events that have caused harm or dispute the court reviews the allegations and determines if there is enough evidence to proceed if there is sufficient evidence the other party is notified and given an opportunity to respond both parties present their arguments and evidence and a hearing is scheduled after the hearing the court evaluates the evidence and arguments and makes a decision or judgment the judgment may include orders or instructions for the parties to follow in this specific case the court ordered the exwife to pay a sum of money and release a property in favor of the exspouses community of assets the court also addressed counterclaims and settled costs and fees the judgment was published on december 12 2022",
    "metadata": {
        "CASE_ID": "11009/2022",
        "civil_codes_used": [
            "Art. 1102",
            "Art. 177"
        ],
        "cost": "on charge of defendant",
        "duration": "4 years and 1 month",
        "law": "Divorce",
        "state": "ITALY",
        "type": "judicial",
        "marital_regime": "community of property",
        "financial_support": "7'977,00 EUR",
        "law_type": "N/A",
        "succession_type": "N/A",
        "subject_of_succession": "N/A",
        "testamentary_clauses": "N/A",
        "disputed_issues": "N/A",
        "relationship_between_parties": "N/A",
        "number_of_persons_involved": "N/A"
    }
}