{
    "content": "this legal document discusses the division of assets among several parties the parties are referred to by their initials the document lists the properties involved their sizes and their values it mentions that one party will receive a larger portion of the assets creating a monetary imbalance the document ends by stating that all parties agree to the terms and that one party will collect the owed amount from the others",
    "metadata": {
        "CASE_ID": "Notary MB, 9/12/2009",
        "cost": "not specified, compensated",
        "law": "Inheritance",
        "state": "ITALY",
        "type": "extrajudicial",
        "disputed_issues": "division of assets",
        "duration": "N/A",
        "civil_codes_used": "N/A",
        "law_type": "N/A",
        "succession_type": "N/A",
        "subject_of_succession": "N/A",
        "testamentary_clauses": "N/A",
        "relationship_between_parties": "N/A",
        "number_of_persons_involved": "N/A"
    }
}