{
    "content": "this legal text summarizes the division of property between two individuals referred to as bc and bd the property includes apartments a garage and agricultural land with each share valued at euro 81000 both parties agree to the division and waive any legal mortgage the expenses of the division will be split equally the document is signed by bc bd and the notary",
    "metadata": {
        "CASE_ID": "Notary MB, 4/2/2005",
        "cost": "not specified, compensated",
        "law": "Inheritance",
        "state": "ITALY",
        "type": "extrajudicial",
        "subject_of_succession": "apartments, garage, agricultural land",
        "disputed_issues": "division of assets",
        "duration": "N/A",
        "civil_codes_used": "N/A",
        "law_type": "N/A",
        "succession_type": "N/A",
        "testamentary_clauses": "N/A",
        "relationship_between_parties": "N/A",
        "number_of_persons_involved": "N/A"
    }
}