{
    "content": "this legal text discusses the division of ownership of several garages located on the ground floor of a building the garages are owned by different individuals the text specifies the details of each individuals ownership rights including the cadastral income and the value assigned to each share of ownership the parties involved in the agreement are identified by their initials they have agreed to terminate the existing coownership and divide the garages into four shares the text then provides the details of each share including the location of the garage the cadastral income and the assigned value the summary concludes by mentioning the number of the registry and the date of the agreement",
    "metadata": {
        "CASE_ID": "Notary MB, 15/2/2007",
        "cost": "not specified, compensated",
        "law": "Inheritance",
        "state": "ITALY",
        "type": "extrajudicial",
        "subject_of_succession": "garages",
        "number_of_persons_involved": 4,
        "duration": "N/A",
        "civil_codes_used": "N/A",
        "law_type": "N/A",
        "succession_type": "N/A",
        "testamentary_clauses": "N/A",
        "disputed_issues": "N/A",
        "relationship_between_parties": "N/A"
    }
}