{
    "content": "this legal text summarizes a property division agreement between two individuals referred to as mr pr and mr pv the agreement states that mr pr is given full ownership of a 220 square meter urban area while mr pv is given full ownership of a 265 square meter urban area in addition mr pv pays mr pr a settlement amount for the transfer of ownership of a portion of an attic in a building all parties involved have signed the agreement",
    "metadata": {
        "CASE_ID": "Notary MB, 27/4/2005",
        "cost": "not specified, compensated",
        "law": "Inheritance",
        "state": "ITALY",
        "type": "extrajudicial",
        "subject_of_succession": "urban area",
        "disputed_issues": "division of assets",
        "duration": "N/A",
        "civil_codes_used": "N/A",
        "law_type": "N/A",
        "succession_type": "N/A",
        "testamentary_clauses": "N/A",
        "relationship_between_parties": "N/A",
        "number_of_persons_involved": "N/A"
    }
}