{
    "content": "this legal text summarizes a court case that took place in arezzo the case involved two parties referred to as ro gi and la gi the court ruled that the assets in question should be considered communal property and divided them equally between the parties la gi was also ordered to pay ro gi a sum of \u20ac297867 the court considered the parties marriage separation and divorce as well as the evidence presented before making its decision the costs of the judgment including the courtappointed expert will be divided equally between the parties",
    "metadata": {
        "CASE_ID": "Tribunale Arezzo, 30/10/2017, n.1226",
        "duration": "years",
        "law": "Divorce",
        "state": "ITALY",
        "type": "judicial",
        "marital_regime": "separation of property",
        "financial_support": "2'978.67 EUR compensation",
        "duration_of_marriage": "marriage, separation, and divorce",
        "cost": "N/A",
        "civil_codes_used": "N/A",
        "law_type": "N/A",
        "succession_type": "N/A",
        "subject_of_succession": "N/A",
        "testamentary_clauses": "N/A",
        "disputed_issues": "N/A",
        "relationship_between_parties": "N/A",
        "number_of_persons_involved": "N/A"
    }
}