{
    "content": "this legal text summarizes the progress of a cause involving multiple parties referred to as mt me and mg the text mentions various properties such as apartments garages and a building courtyard located in morrovalle it provides cadastral data and income information for each property the text then discusses the division of these properties among the parties with each party receiving a specific share the value of each share is specified and the remaining balance for each party is determined the parties agree to the terms and release any claims or mortgages the text concludes with the details of the notary and the date of the document",
    "metadata": {
        "CASE_ID": "Notary MB, 15/10/2008",
        "cost": "not specified, compensated",
        "law": "Inheritance",
        "state": "ITALY",
        "type": "extrajudicial",
        "subject_of_succession": "real estate",
        "disputed_issues": "division of assets",
        "duration": "N/A",
        "civil_codes_used": "N/A",
        "law_type": "N/A",
        "succession_type": "N/A",
        "testamentary_clauses": "N/A",
        "relationship_between_parties": "N/A",
        "number_of_persons_involved": "N/A"
    }
}