{
    "content": "in this court case in salerno the plaintiffs drl fe fn dfs and dfmr were ruled in favor of the court found that the defendants df and dl had illegally constructed on agricultural land that belonged to the plaintiffs the court ordered the defendants to pay the plaintiffs \u20ac3749640 and dissolved the coownership allocating the property to the plaintiffs the defendants counterclaim for the dissolution of the community was rejected the court determined the value of the property to be \u20ac7499280 and ordered the defendants to pay the plaintiffs half of this amount the plaintiffs were also ordered to bear 50 of the litigation costs due to their unreasonable insistence on a hypothetical sale of the property the court confirmed that the agricultural land and small building in pe sa belonged to the plaintiffs and should be shared equally among them dfs and dfmr were ordered to pay the plaintiffs the remaining balance additional claims were deemed inadmissible and costs of the proceedings were awarded to both parties the costs of the technical expert report were split equally between the plaintiffs and the defendant this ruling was made on april 13 2015 by a sole judge in the second civil section of the court of salerno",
    "metadata": {
        "CASE_ID": "Tribunale Salerno sez. II, 11/05/2015, n.2062",
        "civil_codes_used": [
            "Art. 720"
        ],
        "cost": "37,496.40 EUR compensation",
        "law": "Inheritance",
        "state": "ITALY",
        "type": "judicial",
        "duration": "N/A",
        "law_type": "N/A",
        "succession_type": "N/A",
        "subject_of_succession": "N/A",
        "testamentary_clauses": "N/A",
        "disputed_issues": "N/A",
        "relationship_between_parties": "N/A",
        "number_of_persons_involved": "N/A"
    }
}