{
    "content": "this legal text summarizes a court case in rome where a community of property between two parties referred to as ri mo gh and ri be has been dissolved the court has assigned ownership of a specific apartment to mo gh and ownership of a ground floor box with an exclusive courtyard to ri be additionally mo gh has been ordered to pay compensation to ri be for the occupation of the property the court considered the value of the properties and the shares of ownership held by each party with the assistance of a courtappointed expert witness who provided a report on the value of the properties and proposed a division the court also addressed the division of movable property and rejected the plaintiffs claim furthermore the court awarded compensation for the loss of enjoyment of the property and litigation costs to both parties the ruling was made on may 29 2017 and filed in the clerks office on january 7 2017",
    "metadata": {
        "CASE_ID": "Tribunale Roma sez. VIII, 01/07/2017, n.13402",
        "civil_codes_used": [
            "Art. 720",
            "Art. 726",
            "Art. 727"
        ],
        "financial_support": "38,167.00 EUR compensation",
        "law": "Divorce",
        "state": "ITALY",
        "type": "judicial",
        "marital_regime": "community of property",
        "cost": "N/A",
        "duration": "N/A",
        "law_type": "N/A",
        "succession_type": "N/A",
        "subject_of_succession": "N/A",
        "testamentary_clauses": "N/A",
        "disputed_issues": "N/A",
        "relationship_between_parties": "N/A",
        "number_of_persons_involved": "N/A"
    }
}