{
    "content": "this legal text discusses a case involving the division of property between two parties the appellant is appealing a partial judgment that ordered an expert investigation to determine the value and divisibility of the property the appellant argues that they have exclusive ownership of the property because they used their own inherited money to purchase it the court examines the requirements for excluding community property and determines that the declaration by the nonacquiring spouse is not necessary in this case the court also considers the constitutionality of this requirement ultimately the appeal is accepted and the court declares that the appellant has exclusive ownership of the property the appellees counterclaim for division is rejected and the court orders the appellant to be reimbursed for their costs",
    "metadata": {
        "CASE_ID": "3466",
        "law": "Divorce",
        "state": "ITALY",
        "type": "judicial",
        "nature_of_separation": "Judicial",
        "marital_regime": "community of property",
        "cost": "N/A",
        "duration": "N/A",
        "civil_codes_used": "N/A",
        "law_type": "N/A",
        "succession_type": "N/A",
        "subject_of_succession": "N/A",
        "testamentary_clauses": "N/A",
        "disputed_issues": "N/A",
        "relationship_between_parties": "N/A",
        "number_of_persons_involved": "N/A"
    }
}