{
    "content": "the court of appeals in caltanissetta has issued a final ruling on a case that lasted for 13 years the case involved the division of inherited property and the release of real estate held without proper title the court confirmed the original judgment issued by the court of nicosia which ordered the division of the hereditary property and determined the value of the inheritance the court also ordered the payment of fruits received from the exclusive occupation of the property one party appealed the judgment but the court rejected the appeal and crossappeal stating that the allocation of property should ensure equal shares among the heirs the court determined the compensation based on the monthly rent derived from the property and dismissed the claim for the release of property held without proper title the costs of the litigation were offset the court of appeals has made a final decision on the case and has ordered the payment of costs for the proceedings",
    "metadata": {
        "CASE_ID": "Corte appello Caltanissetta, 11/10/2019, n.625",
        "civil_codes_used": [
            "Art.720",
            "Art. 727",
            "Art. 1102"
        ],
        "duration": "13 years",
        "law": "Divorce",
        "state": "ITALY",
        "type": "judicial",
        "cost": "N/A",
        "law_type": "N/A",
        "succession_type": "N/A",
        "subject_of_succession": "N/A",
        "testamentary_clauses": "N/A",
        "disputed_issues": "N/A",
        "relationship_between_parties": "N/A",
        "number_of_persons_involved": "N/A"
    }
}