{
    "content": "this legal text summarizes a resolution about dividing assets among multiple parties the assets in question are different types of real estate units in a building in castelfidardo italy each party is identified by their initials and their specific share of ownership is mentioned the text also includes the value of each asset and the total settlement amount for one of the parties the resolution ends with a declaration of the settlement and a waiver of any potential legal claims",
    "metadata": {
        "CASE_ID": "Notary MB, 19/1/2007",
        "law": "Inheritance",
        "state": "ITALY",
        "type": "extrajudicial",
        "subject_of_succession": "real estate",
        "disputed_issues": "division of assets",
        "number_of_persons_involved": 4,
        "cost": "N/A",
        "duration": "N/A",
        "civil_codes_used": "N/A",
        "law_type": "N/A",
        "succession_type": "N/A",
        "testamentary_clauses": "N/A",
        "relationship_between_parties": "N/A"
    }
}