{
    "content": "in this legal case a hereditary communion between the parties involved has been dissolved by the court the assets of the deceased mf will be divided among the heirs mv will receive three apartments ml will receive an apartment and a garage and vm will receive a plot of land vm will also be required to make adjustments to the plaintiffs the court referred to various articles of the civil code to determine the division of assets and collation of donations the plaintiffs accused vm of unlawfully taking money from bank accounts for personal use which was confirmed by a courtappointed expert the expert determined the shares of each party based on the total value of the estate and expenses incurred the court ordered the distribution of assets according to the experts proposal and assigned exclusive ownership to each party the costs of the litigation will be split equally between the parties",
    "metadata": {
        "civil_codes_used": [
            "Art. 540",
            "Art. 581",
            "Art. 582",
            "Art. 737",
            "Art. 2725"
        ],
        "financial_support": "44'158.46 EUR compensation",
        "duration": "60 days",
        "law": "Divorce",
        "state": "ITALY",
        "type": "judicial",
        "presence_of_children": false,
        "marital_regime": "community of property",
        "cost": "N/A",
        "law_type": "N/A",
        "succession_type": "N/A",
        "subject_of_succession": "N/A",
        "testamentary_clauses": "N/A",
        "disputed_issues": "N/A",
        "relationship_between_parties": "N/A",
        "number_of_persons_involved": "N/A"
    }
}