{
    "content": "in a legal dispute between two companies the court in rome issued a final decision the company referred to as srl had brought claims against the company referred to as spa but the court rejected these claims instead the court ordered the srl to pay the spa a sum of \u20ac1943324529 along with interest the court also ruled that the srl must pay court costs and professional fees the dispute arose from a loan agreement for a housing complex with the srl claiming damages and repayment of usurious interest however the court found these claims to be unfounded the spa counterclaimed for the outstanding loan balance and the court ruled in their favor the court also determined that the srl failed to prove allegations of abusive conduct and economic dependence by the spa the court considered bank statements as evidence of the debt and found them to be unquestionable additionally the court awarded costs to the spa the final decision was made on november 4 2019",
    "metadata": {
        "civil_codes_used": [
            "Art. 1194",
            "Art. 1243",
            "Art. 1815",
            "Art. 2049"
        ],
        "cost": "19'433.245.29 EUR compensation and 35'000.00 EUR  fees",
        "law": "Inheritance",
        "state": "ITALY",
        "type": "judicial",
        "disputed_issues": "validity of will",
        "number_of_persons_involved": 2,
        "duration": "N/A",
        "law_type": "N/A",
        "succession_type": "N/A",
        "subject_of_succession": "N/A",
        "testamentary_clauses": "N/A",
        "relationship_between_parties": "N/A"
    }
}