{
    "content": "this legal text provides an overview of a specific case involving two parties referred to as 719 and an unnamed party the case revolves around a payment of 80 euros and has been ongoing for almost two months ms c is required to pay mr v v 50 of their coowned assets amounting to \u20ac45000 related to a credit claim for certain real estate units ms c is responsible for any remaining loan installments and charges associated with these units the payment must be made through a nontransferable cashiers check or bank transfer by a specified date ms c is responsible for choosing a notary and informing mr v v of the chosen date the legal text explains the progress of a cause regarding the dissolution of community property and mentions the possibility of division through a consensual agreement or a judicial process the text then provides details about a mediation meeting between the parties where they expressed their willingness to proceed with mediation and discussed the sums claimed for the coownership share the meeting was adjourned for an inperson continuation a conciliatory agreement was reached specifying the payment and conditions for both parties the text also mentions the mediation fee and tax credits finally the proceedings are declared closed and details for the payment of fees are provided",
    "metadata": {
        "CASE_ID": "473/2022",
        "cost": "719,80 EUR fees",
        "duration": "2 months",
        "law": "Divorce",
        "state": "ITALY",
        "type": "judicial",
        "nature_of_separation": "Judicial",
        "presence_of_children": false,
        "civil_codes_used": "N/A",
        "law_type": "N/A",
        "succession_type": "N/A",
        "subject_of_succession": "N/A",
        "testamentary_clauses": "N/A",
        "disputed_issues": "N/A",
        "relationship_between_parties": "N/A",
        "number_of_persons_involved": "N/A"
    }
}