{
    "content": "this legal text provides an overview of a legal case without mentioning the names of the parties involved the case lasted for four years and involved an amount of 2304296 euros the tribunal made a final ruling dissolving the community inheritance between the parties and assigning the property to the plaintiff the plaintiff is obligated to pay certain sums to the coheirs and the defendants have been ordered to pay the plaintiffs legal costs the courtappointed expert witness reported construction irregularities and depreciation of the property making it impossible to divide the court determined the probable sale value of the property and calculated individual shares for the parties the defendants objections were disregarded and adjustments were made in favor of certain parties the defendants demand for restitution of alleged improvements was denied and they were ordered to pay compensation the costs of the litigation were to be borne by certain parties and the courtappointed expert witness expenses were to be shared by the defendants the ruling was made on january 30 2020 by judge dr pam",
    "metadata": {
        "CASE_ID": "544/2020",
        "civil_codes_used": [
            "Art. 720",
            "Art. 91",
            "Art. 96"
        ],
        "cost": "23.042,96 EUR compensation",
        "duration": "4 years",
        "law": "Divorce",
        "state": "ITALY",
        "type": "judicial",
        "presence_of_children": false,
        "law_type": "N/A",
        "succession_type": "N/A",
        "subject_of_succession": "N/A",
        "testamentary_clauses": "N/A",
        "disputed_issues": "N/A",
        "relationship_between_parties": "N/A",
        "number_of_persons_involved": "N/A"
    }
}