{
    "content": "this legal text is about dividing assets among multiple parties it talks about different properties like apartments garages and cellars in a specific municipality each party involved is assigned a specific share of ownership and the value of each share is mentioned any remaining balance is waived by the parties",
    "metadata": {
        "law": "Inheritance",
        "state": "ITALY",
        "type": "extrajudicial",
        "subject_of_succession": "apartments, garages, cellars",
        "cost": "N/A",
        "duration": "N/A",
        "civil_codes_used": "N/A",
        "law_type": "N/A",
        "succession_type": "N/A",
        "testamentary_clauses": "N/A",
        "disputed_issues": "N/A",
        "relationship_between_parties": "N/A",
        "number_of_persons_involved": "N/A"
    }
}