{
    "content": "this legal text summarizes the division of assets between two parties mr fc and mr sc the assets include various properties in castelfidardo italy mr fc receives a share that includes a ground floor apartment a garage and an attic while mr sc receives a share that includes an apartment a garage storage rooms and a roof terrace each share is valued at euro 81500 both parties have agreed to this division of assets which is documented in a legal agreement",
    "metadata": {
        "CASE_ID": "Notary MB, 13/12/2012",
        "cost": "not specified, compensated",
        "law": "Inheritance",
        "state": "ITALY",
        "type": "extrajudicial",
        "disputed_issues": "division of assets",
        "duration": "N/A",
        "civil_codes_used": "N/A",
        "law_type": "N/A",
        "succession_type": "N/A",
        "subject_of_succession": "N/A",
        "testamentary_clauses": "N/A",
        "relationship_between_parties": "N/A",
        "number_of_persons_involved": "N/A"
    }
}