{
    "content": "this legal text summarizes an agreement between two individuals mr ccarlo and mrs ccarla regarding the division of their shared assets these assets include apartments garages and offices located in different municipalities the agreement assigns specific properties to each individual with a designated value for each share it also includes provisions regarding ownership rights guarantees and marital constraints the parties agree to share the expenses related to the agreement equally the text concludes with the signatures of the parties and the notary",
    "metadata": {
        "CASE_ID": "Notary MB, 20/9/2004",
        "cost": "not specified, compensated",
        "law": "Inheritance",
        "state": "ITALY",
        "type": "extrajudicial",
        "subject_of_succession": "apartments, garages, offices",
        "duration": "N/A",
        "civil_codes_used": "N/A",
        "law_type": "N/A",
        "succession_type": "N/A",
        "testamentary_clauses": "N/A",
        "disputed_issues": "N/A",
        "relationship_between_parties": "N/A",
        "number_of_persons_involved": "N/A"
    }
}