{
    "content": "this legal text summarizes the progress of a case without mentioning the names of the parties involved the case involves the division of inheritance and the sale of a property one party has the option to propose sales agencies or private buyers another party mr c has agreed to use the property and pay rent until may 31 2017 if the property is sold before that date mr c must vacate the property once the sale is completed mr c must also pay the coheirs an occupancy allowance the mediation process began with the appointment of a mediator and the filing of a petition the parties involved had several meetings and reached an agreement on the sale of the property the mediation costs amounted to \u20ac120313 the proceedings were closed on october 14 2016 in naples",
    "metadata": {
        "CASE_ID": "748/2015",
        "civil_codes_used": [
            "Art. 1111"
        ],
        "cost": "1'203,13 EUR legal cost fees",
        "duration": "244 days",
        "law": "Inheritance",
        "state": "ITALY",
        "type": "extrajudicial",
        "succession_type": "testamentary",
        "subject_of_succession": "inheritance",
        "disputed_issues": "division of assets",
        "relationship_between_parties": "co-heirs",
        "number_of_persons_involved": 4,
        "law_type": "N/A",
        "testamentary_clauses": "N/A"
    }
}