{
    "content": "this legal text is about dividing assets between two parties referred to as mo and ma the assets include apartments garages and a cellar in sirolo the text provides details about the properties such as cadastral income and tax codes the parties have agreed to divide the assets into two shares with ma keeping the first share and mo keeping the second share the value of each share is specified the text also mentions that all legal requirements and procedures related to the properties have been followed",
    "metadata": {
        "CASE_ID": "Notary MB, 22/2/2006",
        "law": "Inheritance",
        "state": "ITALY",
        "type": "extrajudicial",
        "subject_of_succession": "real estate",
        "cost": "N/A",
        "duration": "N/A",
        "civil_codes_used": "N/A",
        "law_type": "N/A",
        "succession_type": "N/A",
        "testamentary_clauses": "N/A",
        "disputed_issues": "N/A",
        "relationship_between_parties": "N/A",
        "number_of_persons_involved": "N/A"
    }
}