{
    "content": "this legal document outlines the division of assets between two parties mr bm and mrs bc it specifies the properties involved including an apartment on the ground and first floors and a woodshed on the ground floor the document states that the parties have agreed to divide the assets into two shares mr bm will receive full ownership of the ground and firstfloor apartment while mrs bc will receive full ownership of the basement ground and firstfloor apartment as well as a 12 share of the woodshed each share is valued at \u20ac75000 the document also mentions two donations but the details are not provided",
    "metadata": {
        "CASE_ID": "Notary MB, 11/12/2012",
        "cost": "not specified, compensated",
        "law": "Inheritance",
        "state": "ITALY",
        "type": "extrajudicial",
        "disputed_issues": "division of assets",
        "duration": "N/A",
        "civil_codes_used": "N/A",
        "law_type": "N/A",
        "succession_type": "N/A",
        "subject_of_succession": "N/A",
        "testamentary_clauses": "N/A",
        "relationship_between_parties": "N/A",
        "number_of_persons_involved": "N/A"
    }
}