{
    "content": "this legal text is about a division of property agreement between four individuals the property in question is a building located in municipality castelplanio the building has multiple units including dwellings garages and common areas each individual will keep full ownership of specific units within the building as stated in the agreement the value of each share is euro 110000 the agreement is legally binding and the parties have submitted the required documents to the land registry",
    "metadata": {
        "CASE_ID": "Notary MB, 8/9/2006",
        "cost": "not specified, compensated",
        "law": "Inheritance",
        "state": "ITALY",
        "type": "extrajudicial",
        "subject_of_succession": "building",
        "number_of_persons_involved": 4,
        "duration": "N/A",
        "civil_codes_used": "N/A",
        "law_type": "N/A",
        "succession_type": "N/A",
        "testamentary_clauses": "N/A",
        "disputed_issues": "N/A",
        "relationship_between_parties": "N/A"
    }
}