{
    "content": "this legal text summarizes a division of joint ownership agreement between two parties mr ae and mr ar regarding a building in municipality castelfidardo the building has two apartments and a garage the agreement divides the ownership into two shares with mr ae getting the ground floor apartment and mr ar getting the first floor apartment the garage and attic will be shared by both parties the agreement includes the cadastral data and boundaries of each assigned property it takes effect immediately and the expenses will be shared equally the document is signed by the parties and the notary",
    "metadata": {
        "law": "Inheritance",
        "state": "ITALY",
        "type": "extrajudicial",
        "subject_of_succession": "estate",
        "number_of_persons_involved": 2,
        "cost": "N/A",
        "duration": "N/A",
        "civil_codes_used": "N/A",
        "law_type": "N/A",
        "succession_type": "N/A",
        "testamentary_clauses": "N/A",
        "disputed_issues": "N/A",
        "relationship_between_parties": "N/A"
    }
}