{
    "content": "this legal document outlines the division of ownership and assets among three individuals in a building located in camerano italy the building consists of three apartments and a garage bm is assigned the first apartment on the ground floor and the garage with a value of \u20ac112200 md is assigned the second apartment on the ground floor and the attic room on the second floor with a value of \u20ac180000 mg is assigned the third apartment on the first floor and the attic room on the second floor with a value of \u20ac78300 after the division bm is entitled to a balance of \u20ac100900 mg is entitled to a balance of \u20ac400 and md is responsible for the remaining balances the document also mentions the registration of the property and the issuance of a receipt for the settlement",
    "metadata": {
        "CASE_ID": "Notary MB, 9/5/2008",
        "law": "Inheritance",
        "state": "ITALY",
        "type": "extrajudicial",
        "subject_of_succession": "building",
        "disputed_issues": "division of assets",
        "cost": "N/A",
        "duration": "N/A",
        "civil_codes_used": "N/A",
        "law_type": "N/A",
        "succession_type": "N/A",
        "testamentary_clauses": "N/A",
        "relationship_between_parties": "N/A",
        "number_of_persons_involved": "N/A"
    }
}