{
    "content": "this legal text discusses a case involving multiple parties and various properties located in municipality castelfidardo the properties include dwellings urban areas agricultural land and a garage the text mentions the cadastral income and value of each property it states that the parties involved accept the inheritance and agree to dissolve the coownership the properties are divided into two shares with each share being allocated to different individuals the text concludes with additional details and mentions the date and location of the document",
    "metadata": {
        "CASE_ID": "Notary MB, 13/2/2009",
        "cost": "not specified, compensated",
        "law": "Inheritance",
        "state": "ITALY",
        "type": "extrajudicial",
        "subject_of_succession": "dwelling, urban area, agricultural land",
        "duration": "N/A",
        "civil_codes_used": "N/A",
        "law_type": "N/A",
        "succession_type": "N/A",
        "testamentary_clauses": "N/A",
        "disputed_issues": "N/A",
        "relationship_between_parties": "N/A",
        "number_of_persons_involved": "N/A"
    }
}