{
    "content": "this legal text discusses the division of property between multiple parties the property includes two apartments each with its own courtyard and garage the first apartment is given to mrs cl while the second apartment is assigned to mr cv mr cc and mr cs the value of each assignment is specified furthermore there is a provision for a pedestrian right of way that benefits the second apartment all parties involved have agreed to this division and have signed the required documents",
    "metadata": {
        "CASE_ID": "Notary MB, 21/7/2005",
        "cost": "not specified, compensated",
        "law": "Inheritance",
        "state": "ITALY",
        "type": "extrajudicial",
        "subject_of_succession": "real estate",
        "number_of_persons_involved": 4,
        "duration": "N/A",
        "civil_codes_used": "N/A",
        "law_type": "N/A",
        "succession_type": "N/A",
        "testamentary_clauses": "N/A",
        "disputed_issues": "N/A",
        "relationship_between_parties": "N/A"
    }
}