{
    "content": "this legal document discusses the division of property between two individuals referred to as mrs pml and mrs pg the property in question includes two apartments located in a building in municipality numana the first apartment with six rooms is valued at \u20ac190000 while the second apartment with four rooms is valued at \u20ac150000 after considering these values there is a remaining balance of \u20ac20000 in favor of mrs pg the document states that mrs pg will receive this amount and mrs pml will cover the cost both parties agree to the property division and waive any potential legal mortgage",
    "metadata": {
        "CASE_ID": "Notary MB, 7/6/2011",
        "law": "Inheritance",
        "state": "ITALY",
        "type": "extrajudicial",
        "subject_of_succession": "real estate",
        "disputed_issues": "division of assets",
        "cost": "N/A",
        "duration": "N/A",
        "civil_codes_used": "N/A",
        "law_type": "N/A",
        "succession_type": "N/A",
        "testamentary_clauses": "N/A",
        "relationship_between_parties": "N/A",
        "number_of_persons_involved": "N/A"
    }
}