{
    "content": "this legal text discusses the division of ownership of a building located in municipality loreto between two individuals mr ff and mr anc the building consists of multiple apartments a garage and a cellar the cadastral data and descriptions of each unit are provided in the text it is mentioned that there were some errors in the previous deeds which have been rectified the parties have agreed to divide the ownership of the building into two equal shares with each party receiving specific units the value of each share is stated as euro 90000 the text also mentions the sale of a piece of land by mr anc the document is signed by the parties and witnesses",
    "metadata": {
        "CASE_ID": "Notary MB, 1/4/2006",
        "cost": "not specified, compensated",
        "law": "Inheritance",
        "state": "ITALY",
        "type": "extrajudicial",
        "subject_of_succession": "real estate",
        "disputed_issues": "division of assets",
        "number_of_persons_involved": 2,
        "duration": "N/A",
        "civil_codes_used": "N/A",
        "law_type": "N/A",
        "succession_type": "N/A",
        "testamentary_clauses": "N/A",
        "relationship_between_parties": "N/A"
    }
}