{
    "content": "this legal text summarizes a case involving two parties mr bm and mr bg who are disputing the division of assets the assets in question are two apartments located in castelfidardo the first apartment is on the ground floor and includes a cellar exclusive courtyard attic and garage the second apartment is on the first floor and also includes a courtyard attic and garage the cadastral income for both apartments is specified the parties have reached an agreement to divide the assets into two shares mr bm will receive the firstfloor apartment valued at \u20ac61000 while mr bg will receive the ground floor apartment also valued at \u20ac61000 the legal document confirms this agreement and provides all the necessary details of the properties involved",
    "metadata": {
        "cost": "not specified, compensated",
        "law": "Inheritance",
        "state": "ITALY",
        "type": "extrajudicial",
        "subject_of_succession": "real estate",
        "disputed_issues": "division of assets",
        "number_of_persons_involved": 2,
        "duration": "N/A",
        "civil_codes_used": "N/A",
        "law_type": "N/A",
        "succession_type": "N/A",
        "testamentary_clauses": "N/A",
        "relationship_between_parties": "N/A"
    }
}